SEQUENCE,LENGTH,MIC_Î¼gml,molecular_weight_kDa,MIC_microM,neg_log_mic_microM
PDEKK,5,5559.39,0.6156844,9029.609976,-3.955668992
LAPVHNPI,8,3000,0.8600241,3488.27434,-3.542610633
HQIYPVTQPL,10,3000,1.1953841,2509.653592,-3.39961378
IKHQGLPQA,9,2480.425,0.9911587,2502.550802,-3.398382902
VINENLLR,8,2425.4,0.9701372,2500.058755,-3.397950215
IHHQGLPQE,9,2645.425,1.0581624,2500.017956,-3.397943128
IKHQGLPQE,9,1770.920833,1.0491954,1687.884671,-3.227342769
CKSIFC,6,1000,0.6998933,1428.789217,-3.154968164
VLNENLAA,8,1107.66258,0.8429477,1314.034762,-3.118606854
VLNANLLR,8,1198.52568,0.9121005,1314.028092,-3.11860465
IKAQGLPQE,9,1230.1875,0.983133,1251.29306,-3.097359036
VLNENLAR,8,1160.1,0.9280565,1250.031652,-3.09692101
KVASVIGGL,9,1024,0.8430346,1214.659517,-3.084454557
IVLNPWDQVK,10,1237.5,1.2114269,1021.522636,-3.009247995
KLQGRNEDEEKGAIVKVKGGL,21,2272.64,2.2685999,1001.780878,-3.000772738
DEDEDEKRQPH,11,1398.41,1.397378,1000.738526,-3.000320619
DVIKKVASVIG,11,1024,1.128378,907.4973103,-2.957845347
CWTASIPPRPC,11,1000,1.2304774,812.6926996,-2.909926359
AVNIPFKVHFR,11,1000,1.3275955,753.2414806,-2.876934228
DDDDDDD,7,469.4805,0.8236354,570.010104,-2.755882554
GFSSLFKAGAKYLLKQVGKAGAQQLACKAANNC,33,1736.73472,3.3869918,512.7661425,-2.709919341
FLPGILKVAANVVPGVI,17,874.5728,1.7071333,512.3049266,-2.709528532
RIRKKLR,7,485.635,0.9692454,501.0444207,-2.69987623
RHIVDKLQGRDEDEEKGAIVKVKGGL,26,1447.165,2.8902941,500.6981815,-2.699576014
KSHFELPAYGL,11,631.235,1.2614434,500.4069148,-2.699323302
IEFEKSTESHDIQKRGVTITVKPPFPGCVFYECIANCRSRGYKNGGYCTINGCQCLR,57,3211.775,6.4194048,500.3228648,-2.699250351
PRPRPLPFPRPG,12,693.35,1.3866663,500.0121514,-2.698980559
MSAALMSGSVSSSWSFRYFSRSDMAAIMSSGAGGI,35,1797.07,3.5940892,500.0070672,-2.698976143
FQWQRNMRKVR,11,673.418515,1.5488388,434.7892854,-2.638278833
GLFDVIKASVIGGL,14,512,1.3886708,368.6978944,-2.566670657
YCSYTMEA,8,302,0.9670882,312.2776185,-2.494540859
GLPVCGETCVGGTCNTPGCTCSWPVCTRN,29,797.1657333,2.9163793,273.3408968,-2.436704615
WKWKWK,6,246.84032,0.9611777,256.810286,-2.409612415
ALNVNRHIVDKLQGRDEDEEKGAIVKVKGGLSFISPSEKQPRHQ,44,1232.4075,4.924557,250.2575359,-2.398387164
GFLKKVGKKLEGASDLTRDATIQTIAVAQAAANVAATAKQG,41,1024,4.1137293,248.9225531,-2.396064247
RIKTVTSFDLPALRFLKL,18,485.98,2.1185946,229.3879159,-2.360570536
LLSRV,5,128,0.5867326,218.1573003,-2.338769751
CKINKQC,7,167.616,0.8360474,200.4862404,-2.302084572
GLGKDLAKLGVDLVACKISKQC,22,452.76,2.2597641,200.3571966,-2.301804946
SMLSVLKNLGKVGLGFVA,18,367.058,1.8332697,200.220404,-2.301508333
ILENLLARSTNEDREGSIFDTGPIRRPKPRPRPRPEG,37,848.576,4.2417848,200.0516386,-2.301142113
GEFAQFEQEAQSLEQELSQLEQQLESL,27,627.876,3.1393342,200.0029178,-2.301036332
VVLKIVRRF,9,213,1.129458,188.5860298,-2.275509518
NVLLWG,6,128,0.700836,182.6390197,-2.261593567
INLKAIAALGKKLL,14,256,1.4658871,174.6382788,-2.242139442
DLKGTFAALSELHCDKLHVDPENFKL,26,500.5514,2.9413586,170.176938,-2.230900705
WLGALFKVASK,11,200,1.2194929,164.0025948,-2.214850719
FLGALFWVASK,11,200,1.2384953,161.486281,-2.208135633
GGVCPKILKKCRRDSDCPGACICRGNGYCGSGSD,34,556.8176,3.477037,160.1414078,-2.204503642
GLPVCGETCTLGTCSTQGCTCSWPICKRN,29,483.3008,3.0195437,160.057561,-2.204276195
GLPVCGETCFGGTCNTPGCACDPWPVCTRD,30,489.6944,3.0605088,160.004245,-2.204131505
RAGLQFPVGRVHRL,14,256,1.6059103,159.4111452,-2.202518682
FLGALFKVASKV,12,200,1.2795888,156.3002114,-2.193959565
FLGALFKVWSK,11,200,1.2955907,154.3697404,-2.188562174
RVDELLS,7,128,0.8309367,154.0430216,-2.187642029
GIMDTIKNAAKDVVQSLLNKASCKLAKTC,29,460.464,3.0646867,150.2483109,-2.176809598
FLSTLLNVASKVVPTLFCKITKKC,24,398.7585,2.6543212,150.2299345,-2.176756478
PRLKVYLPRYKVYSTAAGRYQLLSRYW,27,502.6515,3.3489458,150.092456,-2.176358864
AAGRYQLLSRYWDAYR,16,298.389,1.9892243,150.002692,-2.176099053
VLSAADKGNVKAAWGKVGGHAAEYGAEALERMF,33,497.55486,3.4048555,146.1309768,-2.164742287
GLIKIVPAMICAVTKKC,17,256,1.7883606,143.147864,-2.155784872
AVWKFVKRV,9,158.5,1.1324177,139.9660214,-2.146022618
MSAEVVVKKVDGDALELG,18,256,1.8601596,137.6225997,-2.138689757
TRSSRAGLQFPVGRVHR,17,256,1.9241999,133.0423102,-2.123989778
STVKVASKLAVVVSPISKGS,20,256,1.9573422,130.7895983,-2.116573206
SALGRLASKVVPAVIGKVTT,20,256,1.9673838,130.1220433,-2.114350874
APRKNVRF,8,128,0.9871732,129.6631635,-2.112816613
EVVPKVKKHFKDKENKKKLF,20,317.19296,2.4700007,128.418166,-2.108626463
QLGKKKHRRRPSKKKRHW,18,302.1952,2.3548437,128.3291965,-2.108325475
LLLGIKYKKIGANNFREVKK,20,299.25376,2.3328626,128.2774905,-2.108150455
MGIIAGIIKFIKGLIEKFTGK,21,292.08704,2.2778877,128.2271466,-2.107979978
GIGKALHSAKKFGKAFVGEIMNS,23,306.54464,2.3908363,128.2164906,-2.107943886
GIGKFLHSAKKFGKAFVGEAMNS,23,310.8992,2.4248534,128.2136066,-2.107934117
PGTAAFK,7,88.55296,0.6907974,128.1894807,-2.107852388
FALGAVTKVLYKLFCLITRKC,21,306.05824,2.3880267,128.1636591,-2.107764898
AIFIFIRWLLKLGHHGRAPP,20,300.0192,2.3428655,128.0565188,-2.107401691
LRWLRWG,7,126.23488,0.986188,128.0028554,-2.107219658
GNNRVYIPQPRPHPRL,16,245.02272,1.9142042,128.0023939,-2.107218092
SVVFGVASKVVPSVIGKVKT,20,256,2.0014413,127.9078232,-2.106897108
GALFSLASKVVPAVIGLIKK,20,256,2.0115232,127.26674,-2.10471492
FVGSLASKVVPSVFGAIKTK,20,256,2.0354584,125.7701951,-2.099577735
HPLKQYWWRPSI,12,201.49,1.6108822,125.0805304,-2.097189714
GALFGLASKVFPAVFGAFKK,20,256,2.0554945,124.5442398,-2.095323646
FMKVLAVFGSVVTSAPKASK,20,256,2.0675243,123.8195846,-2.092789343
FLGKVFKGASKVVPAVFGKV,20,256,2.0785728,123.1614308,-2.090474726
VIAFAKTKEAKAKLKGQAKG,20,256,2.087538,122.6324982,-2.088605576
PVVFSVASKVVPSLISALKR,20,256,2.0975731,122.0458062,-2.086522861
VVAKKFFVLVKGLAPVLSPS,20,256,2.0996319,121.9261338,-2.086096803
FLGVVVKLASKVFPAVFGKV,20,256,2.1056387,121.5783126,-2.084856111
MTPLWRIMNSKPFGAYCQNNYECSTGLCRAGHCSTSHRAPSETVNY,46,625,5.1838713,120.5662648,-2.081225806
IGLRGLGRKIALIHKKYG,18,239.58,1.993474,120.1821544,-2.079839985
SSSIPIKMVLVRALVFVKSG,20,256,2.1316551,120.0944749,-2.079523028
MVVFSVPKFKSTVAKLLSSA,20,256,2.1396312,119.6467877,-2.077901043
GVFDIIKGAGKQLIAHAMEKIAEKVGLNKDGN,32,400,3.3659468,118.8372912,-2.074952744
FLGVVFKLAVKVFPAVFGKV,20,256,2.1657371,118.2045595,-2.072634229
FLGVVFKLVSKVFPAVFGKV,20,256,2.1817365,117.3377262,-2.069437668
LPVVFRVASKVFPALISKLT,20,256,2.1857253,117.1235928,-2.068644386
FLGGLIKPVPAMICAVRKKC,20,250,2.1447884,116.5616151,-2.066555556
FLGGLIKIVPAMICAVRKKC,20,250,2.1608312,115.6962191,-2.063319167
FLGVVFKKASKVFPAVFKKV,20,256,2.2398196,114.2949191,-2.058026925
GVSGHGQHGVHG,12,128,1.128173,113.4577764,-2.054834268
QAKIRVRLSA,10,128,1.1413828,112.1446722,-2.049778646
GFISTVKNLATNVAGTVIDTIKCKVTGGC,29,320.595,2.9114381,110.1156848,-2.041849184
QPQCRWLDGFCHSSPCPSGTTSIGQQDCLWYESCCIPRYEK,41,508.94244,4.7113232,108.0253717,-2.033525769
AIVEQLRKRC,10,128,1.2154861,105.3076625,-2.022459973
GLFAVIKKVASV,12,128,1.2315448,103.9345057,-2.016759755
FKARRWQWRMKKLGA,15,200.4759,1.9624023,102.1584106,-2.009274127
PATAVFK,7,74.1239,0.732878,101.1408447,-2.004926576
GLFDVIKKVASV,12,128,1.2755546,100.3485072,-2.001510916
KLDLKLDLKLDL,12,142.979,1.4267606,100.2123271,-2.000921147
INWLKLGKKMMSAL,14,163.614,1.6330992,100.1861981,-2.000807896
FLPIIAGAAAKVVEKIFCAISKKC,24,252.523,2.5211739,100.1608814,-2.000698138
GFSSIFRGVAKFASKGLGKDLAKLGVDLVA,30,305.665,3.0526117,100.13229,-2.000574148
FLPVLTGLTPSIVPKLVCLLTKKC,24,258.737,2.5843139,100.1182558,-2.000513275
VQWLEQQVAKRRTKR,15,192.829,1.9262562,100.105583,-2.000458299
GEFLKCGESCVQGECYTPGCSCDWPICKKN,30,328.889,3.2857968,100.0941385,-2.000408646
SKVGRHLRRFLHRAHRKL,18,226.975,2.2677219,100.0894334,-2.000388231
ACVNQCPDAIDRFIVKDKGCHGVEKKYYKQVYVACMNGQHLYCRTEWGGPCQL,53,607.318,6.0680688,100.0842311,-2.000365657
RPKHPIKHQGLPQEVLNENLLRF,23,276.628,2.7642304,100.0741472,-2.000321898
VARGWGNGCGLFGKGG,16,153.677,1.5357505,100.0663845,-2.000288209
PRPFPGRPKPIFRPR,15,181.925,1.8182047,100.0574908,-2.000249608
SPGRPRPFPGRPKPIFRPR,19,221.669,2.2156392,100.0474265,-2.000205922
DLQCAETCVHSPCIGPCYCKHGLICYRN,28,312.876,3.1276891,100.0342393,-2.000148674
ATCDLLSGTGANHSACAAHCLLRGNRGGYCNSKAVCVCRN,40,406.975,4.0686644,100.026682,-2.000115863
GRPNWGFENDWSCVRVC,17,202.531,2.0252592,100.0025083,-2.000010893
FFFLRRIF,8,114.544,1.1454158,100.0021128,-2.000009176
EWRPHGSNGGSSLRPGRPQTLPPQRPIQPDFNGPRQRF,38,432.187,4.3217954,100.0017261,-2.000007496
GFIGWGNDIFGHYSGG,16,168.382,1.6838006,100.0011522,-2.000005004
VLIRGLIHMLRGG,13,143.482,1.4348163,100.0002579,-2.00000112
KLAKLAKKLAKLAK,14,150,1.5240136,98.42431852,-1.993102416
GFIVKRFKILV,11,128.20684,1.3197001,97.14846578,-1.987435946
LRLKKYKVPQL,11,133.32384,1.38576,96.20990648,-1.983219792
IRIRPIRIRP,10,123.80736,1.289637,96.00171211,-1.982278978
FHIIGGLFSAGKAIHRLIRRRRR,23,256.019321,2.7312994,93.73535578,-1.971903432
LRWLGTKVGILK,12,127.49084,1.3837442,92.1346879,-1.964423169
LLSRVD,6,64,0.7018212,91.19131767,-1.959953491
KTRNWFSEHFKKVKEKLKDTFA,22,250,2.7682151,90.31090106,-1.955740175
KGRGKQGGKVRAKA,14,128,1.4407162,88.84470099,-1.94863153
AVLSWLPKEEQIGKWSTRGRKWWRRKK,27,300,3.4110237,87.95013649,-1.944236518
INLKAVAALAKKLL,14,128,1.465887,87.31914534,-1.941109476
SKHWLWLW,8,100,1.1553677,86.55253215,-1.937279778
ETAKGVAKHLPPAIA,15,128,1.5027776,85.17561082,-1.930315257
SIKILKIYFIQGKRHWSF,18,192,2.2647458,84.77772649,-1.928281766
FLGALFKLASK,11,100,1.1944831,83.71822088,-1.92281999
DEDDD,5,50,0.6074851,82.30654546,-1.915434374
RWRFKWKK,8,100,1.2345162,81.00339226,-1.908503207
ITIPPIIKDTLKKFFKGGIAGVMGKSQ,27,231.4888,2.8885556,80.13998415,-1.903849252
FFPTIAGLTKLFCAITKKC,19,168.456,2.1026368,80.11654699,-1.903722223
FLSFPTTKTYFPHFDLSHGSAQVKGHGAKVAAALTKAVEHLDDLPGALSEL,51,434.0984,5.422144,80.06028612,-1.903417138
GEYCGESCYLIPCFTPGCYCVSRQCVNKN,29,259.1072,3.2377551,80.02680623,-1.903235485
HTMWRCVRLSACLFSVRRR,19,190.2352,2.377897,80.00144666,-1.90309784
ELLSKVD,7,64,0.8029233,79.70873432,-1.901505913
VRIHISGSSLGWLIQLFRKRIESLLQKS,28,256,3.2658977,78.3857988,-1.894237388
GFFSTVKNLATNVAGTVIDTLKCKVTGGCRS,31,248.95962,3.188721,78.07507148,-1.892512391
VDELLSR,7,64,0.8309367,77.02151078,-1.886612033
VIPFVASVAAEMMHHVYCAASKRC,24,200,2.6211713,76.30176631,-1.882534592
GVSKILHSAGKFGKAFLGEIMKS,23,180.74475,2.4058913,75.12590033,-1.87578969
QGDGNFVIYTWKP,13,114.42975,1.5246965,75.05083799,-1.875355546
FLGALAKALSKLL,13,100,1.3447043,74.3657918,-1.871373206
FLIKILKGGKGGK,13,100,1.3587346,73.59789027,-1.866865365
EVAKKLLASALKLALAI,17,128,1.7522151,73.05039204,-1.863622551
FFTPVLQADFQKVVAGVANALAHRYH,26,211.80001,2.9003365,73.02601267,-1.863477588
NGKTWKKNRKACQVK,15,128,1.789139,71.54279237,-1.854565887
QADFQKVVAGVANALAHRYH,20,155.95079,2.1954694,71.03300552,-1.851460191
SAADKGNVKAAWGKVGGHAAEYGAEALERMFLSF,34,248.0128,3.5399777,70.06055434,-1.845473569
KKSFFKKLTSVASSVLS,17,128,1.8572243,68.92005451,-1.838345612
GRGKQGGKVRAKAKTRSS,18,128,1.8721653,68.37003121,-1.834865778
FLLKLGLGKKKLL,13,100,1.4709496,67.9832946,-1.832402207
LQKYYARVRGGRAAVLSALPKEEQIGKASTRGRKAARRKK,40,300,4.4702592,67.11020247,-1.826788549
DRDRPECSTMVKYEQKLPSLGKYALKRAIKIKFGRK,36,281.30388,4.2550826,66.11008679,-1.820267727
ATCDLLSGTGVKHSACAAHCLLRGNRGGYCNGRAICVCRN,40,270.194,4.1228026,65.53648724,-1.816483159
RNSVRNRVMLWRTKR,15,128,1.9723551,64.89703604,-1.812224862
KKKVVVVVKKK,11,82.48,1.2827234,64.30069023,-1.808215635
KRKLIKRK,8,68.70016,1.0694062,64.24140799,-1.807815051
KLVKKLLKKYITF,13,104.13824,1.6221145,64.19906856,-1.807528727
FKLVWKLLKKLALKL,15,118.17536,1.8414445,64.17535799,-1.8073683
LILIKRK,7,56.65344,0.8831892,64.14643657,-1.807172536
IHKLVKLWLNLGKKF,15,117.84768,1.8373291,64.14075736,-1.807134084
APRKNVKW,8,64,0.9981965,64.11563254,-1.806963931
GSGILILIKRK,11,76.7712,1.1975309,64.10790736,-1.806911601
IVIKSLGKFLKNVGGFAG,18,118.48256,1.8482631,64.10481278,-1.806890636
FLGALWKALSKLL,13,93.55968,1.4598388,64.08904874,-1.806783825
NLLGFLQGAKDILKECEADNYQGWLCESYKPQ,32,235.40736,3.6751587,64.05365842,-1.806543939
FLGALFKALSHLL,13,91.57056,1.4297691,64.04569801,-1.806489963
GFWSSVWDGAKNVGTAI,17,114.94528,1.7949849,64.03690638,-1.806430343
FFAAIFAPIVHVGKTIHRLVTG,22,153.33888,2.3948923,64.02746378,-1.806366299
PYLPRPGRRPRFPPPFP,17,131.03936,2.0474399,64.00156605,-1.806190601
RPPHPRL,7,55.81184,0.8720412,64.00137975,-1.806189337
GLFRALLRLLRSLWRLLLRA,20,155.9744,2.4370664,64.00088237,-1.806185962
SKFLSKKPKKLFWFRA,16,128,2.0114878,63.63448985,-1.803692567
NSQIRPLPDKGLDLSIRDASIKIRGKWKARKNFIK,35,256,4.0638107,62.99506028,-1.799306496
APRKNVRW,8,64,1.0262099,62.36540887,-1.794943774
SGGYCGGWHRLRCTSYRSG,19,130.40894,2.1033333,62.00108181,-1.792399267
RWKQVKVKR,9,75,1.2275223,61.09868635,-1.786031873
PMKLLVRVKKKIGDALELG,19,128,2.1086645,60.70192769,-1.783202483
KIVKVITVKSISPASLVPVF,20,128,2.1256673,60.21638476,-1.779714678
GLLGPLLKIAAKVGSNLL,18,106.755,1.7772251,60.06836163,-1.778645787
LPAVFKLASKVFPAVYCKAS,20,128,2.1396336,59.82332676,-1.77687056
FLGKVVKKASKVFPAVFGKV,20,128,2.149695,59.54333057,-1.774833123
WQRRMRKLGAPSIT,14,100,1.7000447,58.82198274,-1.769539659
FLKVVFKLASKVFGAVFGKV,20,128,2.1847402,58.58820193,-1.76781017
RPKHPIKHQGLPQEVLNENLLRFFVAPFPEVFGKEKV,37,250,4.3401016,57.60233816,-1.760440112
VDKPPYLPRPTPPRRIYN,18,125,2.1795536,57.35119338,-1.758542459
SGKLCCRRKK,10,66.756445,1.1784923,56.64563527,-1.753166452
KKAAHVGKHVGKAAKK,16,93.353766,1.6580272,56.30412215,-1.750540192
QKKARVRLSA,10,64,1.1563975,55.34429121,-1.74307283
GLFDVIKKVASVIGLASP,18,100,1.8141993,55.12073563,-1.741315005
QKKIRARLSA,10,64,1.1704244,54.68101998,-1.737836607
VLSAADKGNVKAAWGKVGGHAAEYGAE,27,143.63892,2.6569389,54.06180774,-1.732890564
KVFKRLEKLFS,11,74.256,1.3947239,53.24064498,-1.726243308
GFMDTAKNVAKNVAATLLDKLKCKITGGC,29,158.085,3.0116257,52.49158287,-1.720089669
VDKPPYLPRPPPPRRIYNNR,20,128,2.4458567,52.33340122,-1.718778961
GWANTLKNVAGGLCKITGAA,20,100,1.945274,51.40663989,-1.711019218
MSLLERKLLMHFLRV,15,96,1.8864034,50.89049352,-1.706636663
KKIGQKIKNFFQKL,14,86.259,1.7201354,50.14663381,-1.700241785
KVANTVQKLKRKAKNAVA,18,98.622,1.96739,50.12834263,-1.700083346
GLMDTVKNAAKNLAGQMLDKLKCKITGSC,29,152.8885,3.0526997,50.08304616,-1.699690736
FLPILASLAAKFGPKLFSLVTKKS,24,129.0625,2.5771929,50.07871161,-1.699653147
GILDTFKGVAKGVAKDLAVHMLENLKCKMTGC,32,169.86,3.3921373,50.07462404,-1.699617697
FFGAIAKLAMKFLPAIYKQIQ,21,120.1015,2.3989852,50.06346017,-1.699520863
FLPMLAGLAASMVPKLVCLITKKC,24,127.569,2.5483285,50.05987258,-1.69948974
GILGTVFKAGKGIVCGLTGLC,21,100.476,2.0074935,50.05047339,-1.69940819
VILTRFRFLNRIVEPLLKKA,20,121.4535,2.4270218,50.04219575,-1.699336357
QSHLSMCRYCCNCCRNNKGCGFCCKF,26,150.586,3.0096286,50.03474515,-1.699271692
GILSGILGAGKSLVCGLSGLC,21,95.9685,1.9183535,50.02649407,-1.699200068
CLAGRLDKQCTCRRSQPSRRSGHEVGRPSPHCGPSRQCGCHMD,43,237.6255,4.751432,50.01134395,-1.699068525
LTCDILGSTPACAAHCIARGYRGGWCDGQSVCNCRR,36,190.774,3.8154059,50.00097106,-1.698978439
ATCDLLSGFGVGDSACAAHCIARGNRGGYCNSKKVCVCRN,40,200,4.0786999,49.03523302,-1.690508243
FKFLARTGKFL,11,64,1.3276359,48.2059878,-1.683100987
GVITDTLKGVAKTVAAELLRKAHCKLTNSC,30,150.3072796,3.1417515,47.84187406,-1.679808183
LPRIPRLPRYPRYPRWPRHPT,21,128,2.7252478,46.96820597,-1.671803972
GLLSGILGAGKHIVCGLTGCAKA,23,100,2.1396157,46.73736503,-1.669664224
KMDSRWRWKSSKK,13,80,1.7230356,46.42968491,-1.666795736
VQWRIRIAVIRA,12,68,1.4808234,45.92039807,-1.662005644
IKKRWWWFR,9,64,1.4057148,45.52843863,-1.658282757
KLLKLLLKLWLKLLKLLL,18,100,2.2030135,45.39236823,-1.656982842
FLGMLLHGVGHAIHGLIHGKQNVE,24,116.05725,2.5780406,45.01761919,-1.653382523
RMKLNAKKLSFC,12,64,1.4388253,44.48073022,-1.648171908
IWKRWWWKR,9,64,1.4447515,44.29827552,-1.64638682
FKCRRWQWRMKKLGAPS,17,96,2.1786632,44.0637176,-1.644081135
GWGSFFKKAAHVG,13,60.761832,1.3915957,43.66342322,-1.640117781
KCRQWQSKIRRTNPIFCIRR,20,112,2.5901251,43.24115465,-1.635897282
LKLKLKLKLKLKLKLKLKLKLKLK,24,125,2.9140196,42.89607386,-1.632417544
GFFALIPKIISSPLFKTLLSAV,22,99.699,2.3629252,42.19304107,-1.625240828
GLWEKIKEKASELVSGIVEGVK,22,100,2.3998143,41.66989087,-1.619822363
VRRFPAAAPFLRR,13,64,1.5568807,41.10783826,-1.613924639
GFWNVVYRNGVRVHRRN,17,85.33333333,2.1294188,40.07353243,-1.602857627
ITIPPIVKNTLKKFIKGAVSALMS,24,102.9712,2.5702229,40.06314005,-1.602744985
KRIVQAIKDFLR,12,59.554,1.4868247,40.05448658,-1.602651169
GFLGPLLKLGLKGVAKVIPHLIPSRQQ,27,115.3436,2.8805611,40.04205986,-1.602516411
IIYCNRRTGKCQRM,14,69.7268,1.7421272,40.02394314,-1.602319873
SIITMTKEAKLGQLWKQIACRLYNTC,26,120,3.013644,39.81890363,-1.600089298
AKKVSKRLEKLFSKIQNDK,19,89.7263125,2.2607097,39.68944465,-1.598675022
GAWKNFWSSLRKGFYDGEAGRAIRR,25,114.029904,2.9292976,38.92738792,-1.590255263
KLRRWVRWL,9,50,1.3126304,38.09145362,-1.580827546
KKIWQKIKNFFRKL,14,70.590375,1.8773535,37.60100322,-1.575199432
FLPLLAGLAANFLPTIICKIARKC,24,97.10025,2.5872796,37.52986341,-1.574376984
SNCWARCPGYPNGDSLCCRQYGACCSTSYPVPYKG,35,140.94854,3.8083203,37.01068421,-1.568327114
RVVRPVVQGVKQKVR,15,64,1.7481523,36.61008254,-1.563600708
KWQWKWQWK,9,50.6412,1.4036526,36.0781578,-1.557244354
LKKISQRYQKFALPQYLKTVYQHQKAMKPWIQPKTKVIPYVRYL,44,195.06,5.4516056,35.78028462,-1.553643791
FAVWGCADYRGYCRAACFAFEYSLGPKGCTEGYVCCVPNTF,41,160,4.5272137,35.34182625,-1.548288987
IISTIGDLVKWIIKTV,16,63.0441,1.7992281,35.03952612,-1.544558224
IPWKLPATFRPVERPFSKPFCRKD,24,100,2.9164898,34.2877935,-1.535139538
FLKALFKVALKVL,13,50,1.4899518,33.55813255,-1.525797785
SKTKRRSLLKRLGDGIRGFWNGFRGRK,27,106,3.1907561,33.22096603,-1.521412257
LDVKKIICVACKIRPNPACKKICPK,25,90.631775,2.7825901,32.57101181,-1.51283125
FIGGIISFFKRLF,13,50,1.5449036,32.36447892,-1.510068619
YKARRWAWRMK,11,50,1.5518852,32.21887805,-1.508110413
KLILKRKRKRILIK,14,57.9664,1.806406,32.08935311,-1.506360962
AGRESIKAYLKKEIKKKGKRAVIAW,25,92.14624,2.8724981,32.07878188,-1.506217869
GIMDTVKNAAKNLAGQLLDKLKCKITAC,28,94.93376,2.9616092,32.05478967,-1.505892932
GIHHILKYGKPS,12,43.25184,1.3495994,32.04790992,-1.505799711
RKVRGPP,7,25.92,0.8089826,32.04024413,-1.505695817
LVQRGRFGRFLRKI,14,55.90912,1.7461389,32.01871283,-1.505403869
GVCRCVCRRGVCRCVCRR,18,66.70976,2.084644,32.00055261,-1.505157478
AGDKKIKIGINGFGRIGRL,19,64,2.0134184,31.78673643,-1.502245941
ATKAVCVLKGDGPVQGIINF,20,64,2.03042,31.5205721,-1.498594091
RRRRRRRWWWWW,12,64,2.0423949,31.33576176,-1.496040257
KAIAAFAKKFI,11,37.5,1.2075252,31.05525251,-1.492135065
VLIKTRLFIKRK,12,46.773375,1.5149653,30.874222,-1.489596023
ATCDLLSPFKVGHAACAAHCIARGKRGGWCDGRAVCNCRK,40,128,4.2039657,30.44744157,-1.483550806
AACSLGSLLNVGCNSCACAAHCLATRGKNGACNSQRRCVCNK,42,128,4.229957,30.26035489,-1.480874017
GWGCNIFGGNDYRCHRHCKSIKGYKGGYCKLGGICKCY,38,128,4.2469871,30.13901314,-1.479129028
LNLKGLIKKVASLLN,15,48.8124,1.6240442,30.05607852,-1.477932317
SILDKIKNVALGVARGAGTGILKALLCKLDKSC,33,101.2557,3.3701299,30.04504366,-1.477772839
YYHFWHRGVTKRSL,14,55.5345,1.8501163,30.01676165,-1.477363837
GNFLRNGGSYYIVPAFRG,18,59.6481,1.9882367,30.00050246,-1.477128529
GRPNPVNNKPTPHPRPIRV,19,64,2.1464871,29.81615869,-1.474451691
GSTLACRQSHGSCSFVACRAPSVDIGTCRGGKLKCCKWAPSS,42,128,4.3170298,29.65001539,-1.472024923
GFFKKAWRKVKHAGRRVL,18,64,2.1846688,29.29505836,-1.466794368
GLLNTFKDWAISIAKGAGKGVLTTLSCKLDKSC,33,100,3.4400902,29.06900523,-1.46343017
FLGVVFKLASKVFPAVFKKV,20,64,2.2248049,28.76656735,-1.458888042
WHWTWLPRRRK,11,46.47075467,1.6219146,28.65178886,-1.457151742
VDKPPYLPRPHPPRRIYN,18,62.5,2.2155897,28.20919415,-1.45039068
RGKRWWRRKK,10,40.87468,1.4567668,28.05849227,-1.44806433
HNSSKQWSHWLWHNGIRI,18,64,2.2865442,27.98983724,-1.447000373
GIGRFLHSARRFGRAFVGEIMNS,23,70.92305,2.5789877,27.50034442,-1.439338133
FLQFWSKGVFRIL,13,44.33454,1.6409922,27.01691087,-1.43163569
GLLSGILGAGKHIVCGLSGLC,21,52.5,1.9684165,26.67118468,-1.426042307
MAFPFSTQRINPEIEEGNASLADLPVTHAGSLPGIKAQVRTALGIALLLVA,51,139.5833333,5.3001695,26.33563574,-1.420543807
SMATPHVAGAAALILSKHPTWTNAQVRDRLESTATYLGNSFYYGK,45,128,4.8965224,26.14100162,-1.417322224
FLPLIAGLAANFLPKIFCAITKKC,24,67.5051,2.5932833,26.03074643,-1.415486622
TLSKEKERIVQRVRTS,16,50,1.930239,25.90352801,-1.413358918
KKDQLGKNEEGAPQEGILEDMPVDPDNEAYEMPSEEGYQDYEPEA,45,130.290944,5.0863784,25.61566084,-1.408505564
GLLDTFKNLALNAAKSAGVSVLNSLSCKLSKTC,33,85.075375,3.3679806,25.26005494,-1.402434291
KKWWKF,6,23.1295,0.922141,25.08238979,-1.399368913
KIKWFKTMKSIAKFIAKEQMKKHLGGE,27,80.376,3.2069584,25.06300051,-1.399033063
INLKGLIKKVASLLT,15,40.352,1.6110454,25.04709054,-1.398757286
GAFGNLLKGVAKKAGLKILSIAQCKLSGTC,30,74.89325,2.9906729,25.04227393,-1.398673762
FLPLLAGLAANFLPKIFCKITKKC,24,66.36125,2.6503787,25.038403,-1.398606625
KPYLKRFQVYYKGRMWC,17,56.7455,2.2667659,25.03368345,-1.398524756
GFGSFLGKALKAALKIGANVLGGAPEQ,27,65.45275,2.6150722,25.02904126,-1.398444214
KVFTLFQARAQGKLMRI,17,50.23775,2.007478,25.02530538,-1.398379386
GLTIHWGCAMEAANLFGKILEEKKLSRLPPSHL,33,91.61075,3.6613548,25.02099769,-1.398304623
ATAILRKATRRLVQLI,16,45.60725,1.8232597,25.01412717,-1.398185353
QQCRRPLYCRRRWSHPQFEK,20,66.904,2.6751031,25.00987719,-1.398111559
VWRHWRRFW,9,35.7175,1.4286683,25.00055471,-1.397949645
GAKYAKYIYNFYKYIAKYIW,20,64,2.5670287,24.93154829,-1.39674925
NALSMPRNKCNRALMCFG,18,50,2.0264632,24.67352972,-1.392231283
FLPAVLRVAAKIVPTVFCAISKKC,24,62.5,2.5752685,24.26931405,-1.385057502
PVGRVHRLLRK,11,32,1.3306463,24.04846427,-1.381087348
TISQAEWFKARRWQWRMKKLGA,22,66.7524,2.7782835,24.02648974,-1.380690325
RRRPRPPYLRPRPPP,15,45.87216,1.9112932,24.00058766,-1.380221876
IWSFLIKAATKLLGVGSLFGGGKKDS,26,64,2.694214,23.75460895,-1.375747885
YVPPVQKPHPNGPKFPTFP,19,50.084748,2.1475079,23.32226484,-1.367770723
RCFRRRGKLTC,11,32,1.3957226,22.92719198,-1.360350868
NHHRRHHRCR,10,32,1.4085791,22.71792901,-1.356368738
GLFKKLRRKIKKGFKKIFKRLPPIGVGVSIPLAGKR,36,91,4.0761715,22.32487029,-1.348788944
IKWKRWWWR,9,32,1.4447515,22.14913776,-1.345356824
ALWKTMLKKLGTMALHAGKAALGAAADTISQGTQ,34,76.1331724,3.4551079,22.03496232,-1.343112312
KFKKFKKFKKFKKFKKFKKFK,21,62,2.8426902,21.81032601,-1.338662157
KWKARKNFIKGSSLGWLIQLFRKR,24,64,2.9616002,21.60993911,-1.334653543
KQWRIRVAVIRA,12,32,1.4958381,21.39268949,-1.330265388
RKRIHIGPGRAFYTT,15,37.74333333,1.7730747,21.2869392,-1.32811322
KRWRWRW,7,24.66303,1.1733921,21.01857512,-1.322603271
INLRAIAAFAKKLL,14,32,1.5419444,20.75301807,-1.317081264
RWQWRWQWR,9,30.6205514,1.4876928,20.58257686,-1.313499746
FRSGILKLASKIPSVLCAVLKNC,23,50,2.4610786,20.31629546,-1.30784452
GILDTLKQFAKGVGKDLVKGAAQGVLSTVSCKLALTC,37,75,3.734485,20.08309044,-1.302830544
KFKKLFKKLSPVFKRIVQRIKDFLR,25,63.421,3.1639808,20.04468548,-1.301999246
IKIPAFVKDTLKKVAKGVISAVAGALTQ,28,57.4512,2.8675132,20.03519984,-1.301793679
GIGKWLHSAKKFGKAFVGEIMNS,23,50.2004,2.5059708,20.03231642,-1.301731171
GLNALKKVFQGIHKAIKLINNHVQ,24,53.7654,2.6842281,20.03011592,-1.301683463
FKRIVQRIKDNLR,13,33.7614,1.6860374,20.02411097,-1.301553243
GLNAFKKVFQGIHEAIKLINNHVQ,24,54.4446,2.7191865,20.02238537,-1.301515816
GFGSFLGSLFKTGLKIIPKLLPSIQQ,26,55.8686,2.7903863,20.02181562,-1.301503458
GFGCPGDQYECNRHCRSIGCRAGYCDAVTLWLRCTCTGCSGKK,43,93.5902,4.677404,20.009005,-1.301225493
RRPRPRPRPFFFFF,14,38.467,1.923303,20.00048874,-1.301040608
QFPVGRVHRLLRK,13,32,1.6059537,19.92585465,-1.299416958
GLFDVIKKVASVIGGL,16,32,1.6159776,19.80225468,-1.296714642
SIITMTKEAKLPQLWKQIACRLYNTC,26,60,3.0537087,19.64823953,-1.293323644
LFGFLIPLLPHIIGAIPQVIGAIR,24,50,2.5692193,19.46116472,-1.289168829
NWRKILGQIASVGAGLLGSLLAGYE,25,50,2.5870184,19.3272688,-1.286170487
GLFDVIRRVASVIGGL,16,32,1.6720044,19.13870562,-1.281912562
GLLLDTLKGAAKDIAGIALEKLKCKITGCKP,31,60.591,3.1829283,19.03624408,-1.279581265
FWGALAKGALKLIGPGSLFSSFSKKD,26,51.1925625,2.7262151,18.77788825,-1.27364675
FALGAVTKLLPSLLCMITRKC,21,42.2,2.2789203,18.51754096,-1.267583314
GFLDSFKNAMIGVAKSVGKTALSTLACKIDKSC,33,62.5,3.4050656,18.35500614,-1.263754534
GRRRRSVQWCA,11,25.018084,1.3745961,18.20031644,-1.260078939
GVFLDALKKFAKGGMNAVLNPK,22,41.81148,2.318813,18.03141521,-1.256029814
IFFRRNKKMAVKVAINGFGRIGRLAFRQMF,30,64.3761,3.5733902,18.01541293,-1.255644221
WIKIWKKIIKKWKK,14,34.321045,1.9265125,17.81511669,-1.250788671
INLKAIAAFAKKLI,14,26.5625,1.513931,17.54538351,-1.244162866
KKLRLKIAFK,10,21.64361333,1.2446335,17.38954747,-1.24028828
RWRLVCFLCRRKKV,14,32.085224,1.8633777,17.21885155,-1.236004182
ENFFKEIERAGQRIRDAIISAAPAVETLAQAQKIIKGGD,39,72.543604,4.255846,17.04563652,-1.231613223
IRIRIRPIRIRIRP,14,31.08212,1.8283312,17.00026779,-1.230455762
FIHHIIGGLFSAGKAIHRLIRRRRR,25,50.22599233,2.9816001,16.84531481,-1.226479132
GLFTLIKCAYQLIAPTVACN,20,35.6,2.1396117,16.63853306,-1.221115034
AVVKVPLKKFKSIRETMKEKGLLEDF,26,50,3.0347015,16.47608504,-1.216854025
GAFGNFLKGVAKKAGLKILSIAQCKLFGTC,30,50,3.0847884,16.20856717,-1.209744625
KKKFFFFFKKK,11,24.464,1.5229434,16.06363047,-1.205843705
KKFLPWKIFCAITKKC,16,31.35344,1.9545214,16.04149231,-1.205244767
RKILILIKRK,10,20.53984,1.2807105,16.03784774,-1.205146086
LNWKAILKHIIK,12,23.67856,1.4768725,16.03290738,-1.205012284
APKKQLKW,8,16,0.9982369,16.02825942,-1.204886363
GIGKFLHSAKKFGKAFVAEIMNS,23,39.76016,2.4809609,16.02611311,-1.204828204
GMATKAGTAFGKAAKAIIGAAL,22,32.35968,2.0194401,16.02408509,-1.204773242
AGRQALTLYLKEELRKRGKKAFIWW,25,49.06768,3.0626588,16.02126884,-1.204696908
GLLRASSKWGRKYYVDLAGCAKA,23,40.272,2.5139504,16.01940913,-1.204646493
ILWACWGLKLLRYRRIY,17,35.59696,2.2237634,16.0075303,-1.204324333
RWRPPIRRPPIRPPWYP,17,35.852,2.2406917,16.0004163,-1.204131282
RRIRPRPPRLPRPRPC,16,32.37664,2.0234924,16.00037638,-1.204130199
RPVYIPQPRPPHPRL,15,29.17136,1.8231778,16.00028258,-1.204127653
ALWKSILKNVGKAAGKAVL,19,31.3,1.9674298,15.90908097,-1.201645092
GFFDRIKALTKNVTLELLNTITGKLGVTGG,30,50,3.1777365,15.73447012,-1.196852122
GTCIDLGSRLYCKLIRRRGMCRSRSHRARIAMMRCERSCGRCH,43,79.076683,5.0571206,15.63670105,-1.194145133
PIRTKRRWKLIKKGGKIVKDLLTKNNIIILPGGNE,35,62.25,4.0119057,15.51631685,-1.19078864
FLGGVFKKASKVFGAVFGKV,20,32,2.0865521,15.33630529,-1.185720745
GFWDSVKEGLKNAAVTILNKIKCKISECGGA,31,50,3.2808617,15.23989871,-1.182982081
RLCRIVPVIRVCR,13,24,1.5830482,15.16062493,-1.180717104
CLPSGDCPDFLGCGRAIWCI,20,32,2.1265335,15.04796421,-1.17747775
GYRTLLKKAEVKTVGKLALKHWL,23,39.87465,2.6532543,15.02858207,-1.176918007
WGIRDILKYGKPS,13,23.0226,1.5328065,15.01989977,-1.176667035
QGSPARCRFCCRCCPRMRGCGICCRF,26,44.5614,2.9706877,15.00036507,-1.176101829
IGRHFKRRNSIWGICWF,17,32.228924,2.1765826,14.80712195,-1.170470653
PMKLLKRLGKKIRLAAAFK,19,32,2.1828392,14.65980637,-1.166128234
FLGKVFKKASKVFPAVFGKV,20,32,2.197739,14.56041868,-1.163173863
GILDSFKGVAKGVAKDLAGKLLDKLKCKITGC,32,47.822305,3.291028,14.53111459,-1.162298928
FLGPIIKIATGILPTAICKFLKKC,24,37.5,2.589336,14.48247736,-1.160842858
FFHHIARGIVHVGKTIHRLVTG,22,35.956512,2.4959634,14.40586509,-1.158539343
FLIGKAIKRKFCLRSVWNA,19,32.229912,2.2507866,14.31939927,-1.155924799
FLPIIAGVAAKVFPKIFCAISKKC,24,35.97062,2.5652729,14.02214166,-1.14681435
KRIGLIRLIGKILRGLRRLG,20,32,2.3019451,13.90128722,-1.143055017
KLLKHKLLVTLA,12,18.75,1.376793,13.61860498,-1.134132623
TSVRQRWRWRQRVRTS,16,29.16666667,2.1584608,13.51271548,-1.130742632
RCVCRRGVCRCVCRRGVC,18,27.830478,2.084644,13.35023054,-1.125488765
RLPRPVYIPQPRPPHPRL,18,28.73955,2.1896416,13.12523017,-1.118106928
LMDTVKNVAKNLAGHMLDKLKCKITGC,27,38.3591,2.9456337,13.02235916,-1.114689669
FFPIIAGMAAKLIPSLFCKITKKC,24,34.39098,2.6413921,13.02002077,-1.114611677
RFRPPIRRPPIRPPFYPPFRPPIRPPIFPPI,31,49.25349,3.7886421,13.00030161,-1.113953428
LRRLLRWLRRLLRR,14,25,1.9764987,12.64862962,-1.102043476
LKKLLKLCKKLCKLAG,16,22.581125,1.8004378,12.54201895,-1.098367453
GFMKYIKPLIPHAVKAISKLI,21,29.65075,2.3680152,12.52135121,-1.097651197
FWGALAKGALKLIGSLFSSFSKKD,24,32.20125,2.5720464,12.51970027,-1.097593932
GVFSFLKTGAKLLGSTLLKMAGKAGAEHLACKATNQC,37,47.144875,3.7665131,12.51684881,-1.097495006
CIAKGNGCQPSGVQGNCCSGHCHKEPGWVAGYCK,34,43.538375,3.4799993,12.51102982,-1.097293059
NLCASLRARHTIPQCRKFGRR,21,31.062625,2.4839576,12.50529598,-1.097093975
HWRRFWHR,8,16.006125,1.2804636,12.50025772,-1.096918967
RVQGRWKVRASFFKEAAAKEAAAKVCVYRGFAWNCHRRANNGVRV,45,64,5.1660009,12.38869316,-1.093025497
YKAWRWAWRWK,11,20,1.6369256,12.21802628,-1.087001055
RQIKIWFQNRRWGGQLGKKKHRRRPSKKKRHW,32,50.26872,4.1819724,12.02033758,-1.079916665
ACNGLRPRFIRSICEKLVRKYQDK,24,34.77036,2.8944655,12.01270494,-1.07964081
FVQWFSKFLGRIL,13,19.70424,1.6409922,12.00751594,-1.079453172
GYGCPFNQYQCHSHCSGIRGYKGGYCKGTFKQTCKCY,37,50,4.1747871,11.97665864,-1.078335671
GLFAVIKKVASVI,13,16,1.3447043,11.89852669,-1.075493189
KKWWRRALQGLKTAGPAIQSVLNK,24,32,2.7502903,11.63513539,-1.065771441
AIHKLAHKLTKKTLRAVKKLAN,22,28.625225,2.4830898,11.52806677,-1.061756483
ACYCRIPACIAGERRYGTCIYQGRLWAFCC,30,39.40391383,3.4481296,11.42761972,-1.05795578
GSVIGCGETCLRGRCYTPGCTCDHGICKKN,30,35.109088,3.1326661,11.20741467,-1.049505441
AIVVGGVMLGIIAGKNSGVDEAFFVLKQHHVEYGSDHRFEAD,42,50,4.5141029,11.07639793,-1.04439855
FLGGLIKIVPAMICAVTKKCHHHHHH,26,32,2.9285959,10.92673796,-1.038490528
FWPVVIRTVVAGYNLYRAIKKK,22,28.125,2.6221991,10.72573017,-1.030426867
KLRRLIRLL,9,12.5,1.1805497,10.58828781,-1.024825738
ADSGEGDFLAEGGGVR,16,16.134195,1.5365755,10.50009908,-1.021193397
KKWRWWLKALAKK,13,18.135,1.7421903,10.40931062,-1.017421968
GSVIKCGESCLLGKCYTPGCTCSRPICKKN,30,32.485273,3.1498206,10.31337245,-1.013400702
MLSLIFLHRLKSMRKRLDRKLRLWHRKNYP,30,40,3.9068247,10.23849368,-1.010236067
KRFKKFFKKLKNSVKKRAKKFFKK,24,31.25,3.0889168,10.11681506,-1.005043811
LKKLAKLLKKLLKLAG,16,17.8443,1.7783865,10.03398305,-1.001473363
LKKLLKLDKKLLKLAG,16,18.2844,1.8223963,10.03316348,-1.001437889
SMLSVLKNLGKVGLGFVACKIKKQC,25,26.7042,2.6653722,10.01893844,-1.000821708
KVPIGAIKKGGKIIKKGLGVIGAAGTAHEVYSHVKNRH,38,39.4076,3.9337078,10.01792762,-1.00077789
IKIPSFFRNILKKVGKEAVSLIAGALKQS,29,31.6191,3.1568506,10.01602673,-1.000695475
KVPIGAIKKGGKIIKKGLGVLGAAGTAHEVYNHVRNRQ,38,39.8579,3.9797365,10.01521081,-1.000660095
WGIRRILKYGKRS,13,16.3501,1.6329764,10.01245333,-1.000540505
FKRGVQRIKDFLR,13,16.6503,1.6630026,10.0121912,-1.000529135
FKRIVQRIKDHLR,13,17.111,1.7090747,10.01185027,-1.000514346
GLNALKKVFQGIHEAIKLFNNHVQ,24,27.2223,2.7191865,10.01119269,-1.000485821
FLHHIVGLIHHGKLDMYRSNN,21,25.0293,2.5019017,10.00411007,-1.000178461
GRRPRPRPRPWWW,13,18.0316,1.8031119,10.00026676,-1.000011585
FKVKFKVKVK,10,12.5,1.2506372,9.994904997,-0.99977867
VRRFPWWWPFLRR,13,18.53814233,1.9022842,9.745201232,-0.988790811
NCIQQCVSKGAQGGYCTNEKCTCY,24,25,2.6019706,9.608102413,-0.982637624
GLFWIIKKTIGKLR,14,16,1.6731219,9.562961312,-0.980592399
GHLGRPYIGGGGGFNRGGGFHRGGGFHRGGGFQSGGGFHRGGGFHSGGSFGYR,53,49.881175,5.25064,9.500018093,-0.977724432
GILKTIKSIASKLKRKAK,18,18.6489028,1.9835166,9.401939364,-0.973217446
SRWPSPGRPRPFPGRPKPIFRPRPCNCYAPPCPCDRW,37,40.78359375,4.3491292,9.377416001,-0.972083183
GILDTLKQFAKGVGKDLVKGAAQGVLS,27,25,2.7142024,9.210809039,-0.964297778
FLGWLFKWASK,11,12.5,1.3826714,9.040470498,-0.956191033
KWRRWVRWL,9,12.5,1.3856842,9.020814411,-0.955245748
PTTKTYFPHF,10,11.15505,1.2384085,9.007568989,-0.954607597
GLLCYCRKGHCKRGERVRGTCGIRFLYCCPRR,32,33.87294,3.7615833,9.004968732,-0.954482209
IGGIISFFKRLF,12,12.5,1.397727,8.943091176,-0.951487658
AKAWGIPPHVIPQIVPVRIRPLCGNV,26,25,2.8314716,8.829331009,-0.945927799
RKIKVYLPRMK,11,12.5,1.4318559,8.729928759,-0.9410107
LLLFLLKKRKKRKY,14,16,1.8474115,8.6607667,-0.93755634
YVPLPNVPQPGRRPFPTFPGQGPFNPKIKWPQGY,34,33.33333333,3.8784984,8.594391409,-0.934215129
GWGDTFGKVLKNFAKVAGVKAAK,23,20.38198,2.3928308,8.517936162,-0.930334381
PPIQNPSMAPPTQNPYGQPMTPPTQNPYGQPMAPP,35,31.44414,3.7432604,8.400201065,-0.924289681
RRRWFW,6,8.418623667,1.0061812,8.366906147,-0.922564897
GAFGNFLKGVAKKAGLKILSIAQCKLSGTC,30,25,3.02469,8.265309833,-0.917259138
KKGWAKKLAFAFGKK,15,13.884858,1.7081268,8.128704497,-0.910021336
KLCKIVVIKVCK,12,11.02328,1.3738779,8.023478651,-0.904362701
RKRKILILIKRK,12,12.55288,1.5650723,8.020639047,-0.904208972
IGKKFKRIVQRIKKFLRNL,19,19.12856,2.386019,8.016935322,-0.90400838
IGKKFKRIVQRIKDFLRNL,19,19.01584,2.3729334,8.013642524,-0.903829965
RKSKEKIGKEFKRIVQRIKDFLRNLVPRTES,31,30.4528,3.8005143,8.012810266,-0.903784859
WGIHRILKYGKPS,13,12.45512,1.5548591,8.010449307,-0.903656876
SFLTTVKKLVTNLAALAGTVIDTIKCKVTGGCRT,34,28.22664,3.524252,8.009257,-0.903592229
STVLTSKYR,9,8.44192,1.0542117,8.007803366,-0.9035134
ILIACLGLKLLRYRRIY,17,16.62952,2.0776558,8.00398218,-0.903306113
FFHHIFRAIVHVPKTIHRLVTG,22,21.01744,2.6261527,8.003129445,-0.903259841
RWRWPIRRPPIRPPFYP,17,18.32648,2.2907516,8.000203951,-0.903101059
RWRRPWRRRPIRPPFYR,17,19.61584,2.4519215,8.000190871,-0.903100349
RWRRPIRRRPIRPPFYP,17,18.5588,2.3197968,8.000183464,-0.903099947
RFRRPIRRRPIRPPWYR,17,19.03136,2.3788677,8.000175882,-0.903099535
RWCRRYRVRVRGVLVYAYVCW,21,22.08304,2.7603383,8.000120855,-0.903096548
KKVVFKVKFK,10,10,1.2506372,7.995923998,-0.902868657
KKPSKKPKPQAMTFPKVTVEYFPASFSTAALTVPED,36,31.25,3.9676429,7.876212852,-0.896317444
RKGLQKLVGRVHRLLRK,17,16,2.0575674,7.77617297,-0.890765912
HHHFGRIGHELHKGVKKVEKVTSDVNKVTNGVKQVANGIAKAKTVIEAGSIAGAVAAAAA,60,46.588988,6.12205,7.610030627,-0.881386405
KRFKKFFKKLKNSVKKRAKKFFKKPKVIGVTFPF,34,31.5,4.1752594,7.54444143,-0.877627091
KYEITTIHNLFRKLTHRLFRRNFGYTLR,28,26.97975,3.5952185,7.504342226,-0.875312631
KKWRKWLKALAKK,13,12.5,1.6841512,7.422136445,-0.870528934
RKYVRFLHRWVKYFRAYL,18,18.404841,2.5020127,7.35601422,-0.86664256
WHWTWLRIRKKLR,13,13.733782,1.8792911,7.307958836,-0.863796092
SLFSLIKAGAKFLGKNLLKQGACYAACKASKQC,33,25,3.4622099,7.220821591,-0.858586615
FLGKVFKLASKVFPKVFGKV,20,16,2.2398197,7.143432125,-0.853906923
GIKIAKKAITIAKKIAKIYW,20,16,2.257879,7.086296476,-0.850419318
FMPIIGRLMSGSL,13,10,1.4217917,7.033379081,-0.847164025
QKAIRVRLSA,10,8,1.1413828,7.009042015,-0.845658663
RVKRVWPLVIRTVIA,15,12.47037,1.806275,6.903915517,-0.839095468
PNRESQFYKILRKILSKIV,19,16,2.332819,6.858654701,-0.836238939
HRHRHRHRHR,10,10,1.4846592,6.735552509,-0.828373226
RWRWPIRRPPIRPPFYR,17,15.66586667,2.3498225,6.666829801,-0.823919368
GFMGDTLKGIARNAALALMNAAQCKLSGKC,30,20,3.0546776,6.547335797,-0.816064615
SLSRYAKLANRLANPKLLETFLSKWIG,27,20,3.0906635,6.471102402,-0.810978272
GDVPPGIRNTICRMQQGICRLFFCHSGTGQQHRQRCG,37,26.616768,4.1588175,6.400080792,-0.806185456
CWTKSIPPKPCF,12,8.9,1.406736,6.326702381,-0.801177405
GWWRRTVDKVRNAGRK,16,12.520179,1.9852862,6.306485685,-0.799787414
RRIRPRPPRLPRPRPR,16,13.03771314,2.0765352,6.278589999,-0.797862124
FDITKLNIKKLTKATCKVISKGASMCKVLFDKKKQE,36,25.607125,4.0870295,6.26546126,-0.796953049
AKKVFKRLEKLFSKIQNWK,19,14.97950667,2.3919328,6.262511501,-0.796748536
SKVWRHWRRFWHRAHRKK,18,16.006625,2.5580055,6.25746309,-0.796398297
VWRKWRRFW,9,8.879625,1.4197013,6.254572705,-0.796197645
RWCSYAYVRVRGVLVRYRRCW,21,17.1770625,2.7482839,6.250104838,-0.795887302
RWCVYAYVRVRGVLVRYRRCR,21,17.0646875,2.7303126,6.250085613,-0.795885966
RRWQWRMKKLGA,12,10,1.6159727,6.188223353,-0.79156598
NPVSCVRNKGICVPIRCPGSMKQIGTCVGRAVKCCRKK,38,25,4.0910825,6.110852079,-0.786101771
GLFGKLIKKKGRKAISYAVKKARGKH,26,17.34978,2.883571,6.016768791,-0.779363323
GFSSIFRGVAKFASKGLGKKLAKLGVKLVACKISKQC,37,23.26716,3.8697894,6.012513239,-0.779056046
RRRKLDLKLDLKLDL,15,11.39016,1.8953234,6.009612924,-0.7788465
EWFKARRWGWRMKKLQA,17,13.68474,2.2777311,6.008057755,-0.778734099
GFLGPLLKLAAKGVAKVIPHLIPSRQQ,27,17.13324,2.8525072,6.00637923,-0.778612749
RSARAGLQFPVGRIHRHLK,19,13.20372,2.1995972,6.002789965,-0.778353148
RIRFPWPWRWPWWPRFRG,18,15.49872,2.5830512,6.000159811,-0.778162818
KKKKPLFGLFFGLF,14,10,1.6701176,5.98760231,-0.777252947
KKCNFFCKLKKKVKSVGSRNLIGSATHHHRIYRV,34,23.44,3.9848059,5.882344232,-0.769550436
QKKIRVRLSA,10,7,1.1984782,5.840740366,-0.766467901
GILSGILGVGKKLVCGLSGLC,21,11.5,1.9875033,5.786153915,-0.762389982
KKLFKKILKFL,11,8,1.4058774,5.690396616,-0.755142537
RRSRRGRGGGRRGGSGGRGGRGGGGRSGAGSSIAGVGSRGGGGGRHYA,48,25,4.4527773,5.614473466,-0.749309034
VSFPWSCAALSGVCRQGACLPSELYFGPLGCGKGSLCCVSYFL,43,25,4.4783097,5.582463401,-0.746825884
RRRRRWFWFW,10,9.085945,1.6519463,5.500145495,-0.740374178
TRSRWRRFIRGAGRFARRYGWRIALGLVG,29,18.75,3.4921097,5.369247134,-0.729913394
RKRWWWWFR,9,8,1.506782,5.309328091,-0.725039563
RVQGRWKVRASFFKGGGGSVCVYRGFAWNCHRRANNGVRV,40,24,4.5402349,5.286070111,-0.723132919
FFHHIKRGIKHVGKTIHRLVTG,22,13.442676,2.5821004,5.206101204,-0.716512606
KIKWILKYWKWS,12,8.696223333,1.6790846,5.17914543,-0.714258106
DFGCARGMIFVCMRRCARMYPGSTGYCQGFRCMCDTHIPIRRPPFIMG,48,28.1,5.5106932,5.099176996,-0.707500087
LRKLRKRLLLRKLRKRLL,18,12,2.3731136,5.056647941,-0.703862718
AKKLLKLLKKLLKLAG,16,8.92215,1.7783865,5.016991526,-0.700443367
LKKLLKLLKKLLKLAG,16,9.13255,1.8204672,5.016596838,-0.7004092
FLSLIPKLVKKIIKAFK,17,9.95825,1.9866027,5.012703345,-0.700072004
KKIVQRIKDFLR,12,7.73475,1.5439201,5.00981236,-0.69982146
GLKALKKVFQGIHKAIKLINNHVQ,24,13.5167,2.6982984,5.009342184,-0.699780699
GLGSFLKNAIKIAGKVGSTIGKVADAIGNKE,31,15.3132,3.0575856,5.008265345,-0.69968733
FLPIIASVAAKVFSKIFCAISKKC,24,12.9466,2.5852606,5.007851046,-0.699651403
KRIVARIKDFLR,12,7.58455,1.5148815,5.006695243,-0.699551157
HGKKVLDSFSNGMKHLDDLKGTFAALSELH,30,16.50405,3.296756,5.006148468,-0.699503725
FKHHIFRGIKHVGKTIHRLVTG,22,12.92565,2.5821004,5.005866542,-0.699479267
KWCFRVCYRGICYRKCRG,18,11.49945,2.2978312,5.004479877,-0.699358947
FFFHIIKGLFHAGRMIHGLVNRRRHRHGMEELDLDQRAFEREKAFA,46,27.9678,5.5914858,5.001854784,-0.699131079
RRRRRRWFWFWF,12,9.7768,1.9553105,5.000126578,-0.698980999
TRRKFWKKVLNGALKIAPFLLG,22,12.50333333,2.5571711,4.88951769,-0.689266022
KCWDTWSRCTRFTSVFTGSVWNTCQKRCQCLGHATGSCVLRRSECPLTSQAYRCECS,57,31.3,6.5295083,4.793622821,-0.680663859
GLLSGILGAGKQKVCGLSGLC,21,9.37,1.9744208,4.745695548,-0.676299873
AKKVFKRLRKLFKKI,15,8.94614805,1.9034787,4.699893963,-0.67208806
LLGDFFRKSKEKIGKEFKRIVQRIKDFLRNLVPRTESDYKDDDDKCQDSERTFY,54,31.0789416,6.6184977,4.695769797,-0.671706798
KIWWWWRKR,9,6.689346667,1.4447515,4.630101901,-0.665590549
PKLLKTFLSKWIG,13,7,1.5309177,4.572420843,-0.660146196
RWKRWWRRKK,10,7.15041,1.5859281,4.50865963,-0.654047451
RVKRVWPLVIRTVIAGYNLYRAI,23,12.412845,2.7573683,4.501700045,-0.653376554
QLINSPVTCMSYGGSCQRSCNGGFRLGGHCGHPKIRCCRRK,41,20,4.4692593,4.475014462,-0.650794443
ALWDTLLKKVLKAAAKAALDAVLVGANA,28,12.5,2.8354275,4.408506301,-0.644291466
KNWKGIAGMAKKLLGKNWKLM,21,10.6088418,2.4160436,4.390997662,-0.642563206
FRRWWKWFK,9,6.25,1.4397319,4.341086004,-0.63759839
GLRKRLRKFRNKIKEKKKKIGQKIQGLLPKLAPRTDY,37,19.2,4.4484667,4.316093903,-0.635090885
RIIDLLWRVRRPQKPKFVIVWVR,23,12.5,2.9746855,4.202124897,-0.623468957
VNFLLHKIYDNIRYS,15,7.8,1.895192,4.115677989,-0.614441388
SGRGKQGGKVRAKAKTRSS,19,8,1.9592435,4.083208647,-0.611001572
GLLLDTVKGAAKNVAGILLNKLKCKMTGDC,30,12.5,3.0887957,4.046884681,-0.607120829
FKIKASKKLLKKVGKGALGAVAKALAQQA,29,11.899,2.9666955,4.010859894,-0.603237492
RRRRRRRRRGGGKWKKLLKKPLKLLKK,27,13.90984,3.4693807,4.009314977,-0.603070176
LVTLVFVGGGWKWKWKNGKWKWKW,24,12.09892,3.0186506,4.008055785,-0.602933758
AKRQALTKYLLEELRKRGKKAFIAW,25,12.09488,3.0186465,4.006722881,-0.602789306
RWKIFKKIEKVGRNVRDGIIKAGPAVAVVGQAATVVKG,38,16.2678,4.0608939,4.005965288,-0.602707182
AGAQRLTKELLEYLRKFGKIARKAW,25,11.80636,2.9475243,4.005517444,-0.602658627
RRRRRRRRRGGGGIGKWLHSAKKFGKAFVGEIMNS,35,16.34752,4.0828152,4.00398235,-0.602492154
MLTAEEKAAVTAF,13,5.5306,1.3816131,4.003001998,-0.602385807
RKHGFLNLQGIFGDYYHFWHRGV,23,11.39704,2.8482257,4.001452553,-0.602217672
RRWWFR,6,4.02484,1.0061812,4.000114492,-0.602072422
RWRRPIRRRPIRPPWYP,17,9.43556,2.3588335,4.00009581,-0.602070394
LRVRRTLQCSCRRVCRNTCSCIRLSRSTYAS,31,14.59768,3.649339,4.000088783,-0.602069631
RLRRIVVIRVFR,12,6.33208,1.5830061,4.000035123,-0.602063805
SFLDTLKNLAISAAKGAGQSVLSTLSCKLSETC,33,13.2,3.3578956,3.931033472,-0.594506742
KRRHWFPLSFQEFLEQLRRFRDQLPFP,27,14,3.5751432,3.91592706,-0.592834594
FFHHIFNGLVGVGKTIHRLI,20,8.996442,2.3057581,3.90172846,-0.591257041
EPRWKVFKKIEKMGRNIRDGIIKAGPAVAVLGDAKALGK,39,16.4,4.2621402,3.847832129,-0.585216117
GLRKRLRKFRNKIKEKLKKIGQKIQGPLPKLAPRTDY,37,16.8,4.4174092,3.803134199,-0.58014165
AIPFIFIFRLLRKG,14,6.3456375,1.6911394,3.752285294,-0.574295851
AFRKQLKW,8,4,1.0763102,3.716400718,-0.570122535
KWCRCVCRRGICRCRCRK,18,8.351127,2.2859154,3.653296618,-0.562684935
GLRKRLRKFRNKIKEILKKIGQKIQGLLPKLAPRTDY,37,16,4.4184373,3.621189781,-0.558851286
YRLRVKWKW,9,4.812012,1.3346335,3.605493193,-0.55696468
GILDTFKNMALNAAKSAGVSVLNALSCKLSKTC,33,12.1,3.3700203,3.590482823,-0.555152853
YVLWKRKRYIFI,12,6,1.6850918,3.560636875,-0.551527685
RRSKARGGSRGSKMGRKDSKGGSRGRPGSGSRPGGGSSIAGASRGDRGGTRNA,53,18.29469625,5.2006825,3.517749113,-0.546264862
GYNYAKKLANLAKKFANALW,20,8,2.2846901,3.501568987,-0.544262687
GLWNSIKIAGKKLFVNVLDKIRCKVAGGC,29,10.77005767,3.1318483,3.438882295,-0.536417311
GTRCGETCFVLPCWSAKFGCYCQKGFCYRN,30,11.665842,3.4290369,3.402075376,-0.531743932
RIKRFWPVVIRTVVAGYNLYRAI,23,9.375,2.7913854,3.358547336,-0.526151474
INPFVAGVAAEMMQHVYCAASKKC,24,8.6,2.5690926,3.347485412,-0.524718693
LRKFRNKIKEKLKKIGQKI,19,7.888486,2.3689861,3.329899656,-0.522431147
RNPRPVYIPQPRPPHPRL,18,7.188552345,2.190586,3.281565912,-0.516081132
GIFALIKTAAKFVGKNLLKQAGKAGLEHLACKANNQC,37,12.5,3.870647,3.229434252,-0.509126447
LRFILWWKR,9,4.219776,1.3176463,3.202510416,-0.505490551
VDKPPYLPRPRPPRRIYNRN,20,8,2.5049276,3.19370508,-0.504294809
AWLDKLKSLGKVVGKVALGVAQNYLNPQQ,29,9.856875,3.1387053,3.140427042,-0.496988708
KGGKFLNFLKKAAKVGAKVGMAALG,25,7.847375,2.5051138,3.132542322,-0.495896947
RWCVYARVRGRRYRRCW,17,7.3330892,2.3427926,3.130063327,-0.495553124
RWCGYAYVRVRGVLVRYRRCW,21,8.508279,2.7182577,3.130048707,-0.495551096
WWLSRRRSSLFYWR,14,6.248,1.9993117,3.125075495,-0.494860513
RIFSKIGGKAIKNLILKGIKNIGKEVGMDVIRTGIDVAGCKIKGEC,46,15.171586,4.885974,3.105130318,-0.492079832
QQCRRPLYCRRRKALAALAKKILWSHPQFEK,31,11.782046,3.7965789,3.103332318,-0.491828284
VIPFVASVAAEMMQHIFCAASRKC,24,8,2.6101884,3.064912862,-0.486418132
GLRKRLRKFRNKIKEKLKKI,20,7.6809,2.5532305,3.008306536,-0.478322087
GLFPKFNKKKVKTGIFDIIKTVGKEAGMDVLRTGIDVIGCKIKGEC,46,15.01851,4.9970705,3.005462901,-0.477911371
IISTIGKLVKWIIKTV,16,5.44605,1.8123137,3.005026117,-0.477848251
GLMSVLKGVLKTAGKHIFKNVGGSLLDQAKCKITGQC,37,11.55219,3.844671,3.004727843,-0.477805141
GLGSLLGKAFKFGLKTVGKMMGGAPREQ,28,8.65059,2.8794885,3.004210644,-0.477730381
GGGCGLRRLGCKIAHGVKKYGPTVLRIIRIAG,32,9.97233,3.3210721,3.002744204,-0.477518337
WRIRRRPPRLPRPRWR,16,6.76434,2.2547284,3.000068656,-0.477131194
GIFGKILGVGKKTLCELSGMC,21,6.3,2.1546915,2.92385244,-0.465955451
KWKLFKKKGTGAVLTVLTTGLPALIS,26,8,2.7714272,2.886599367,-0.460386512
GLLSRLRDRLSDRGRRLGEKIERIGQKIKDLSEFFQS,37,12.5,4.3740344,2.857773592,-0.456027819
STIGKLPKWIIKTVNKFTKK,20,6.543488,2.330887,2.807295249,-0.448288091
GIFTLFKGAAKLLGKTLAKEAGKTGLELMACKVTNQC,37,10.812984,3.855691,2.804421827,-0.447843339
GVFTLIKGATQLIGKTLGKELGKTGLELMACKITNQC,37,10.8,3.8797107,2.783712713,-0.444624413
IISTIGKLPKWIIKTVNKFTKK,22,6.920856,2.557206,2.706413171,-0.432394098
RIKRWWWWR,9,3.979287,1.4727649,2.701915968,-0.431671838
TLLKKVLKAAAKAALNAVLVGANA,24,6.25,2.3489026,2.660817013,-0.425015009
AWKEKIRKKLKNEIKKKGRKAVIAW,25,8,3.0507787,2.622281321,-0.418679281
GSKKPVPIIYCNRRTKCQRM,20,6.193148,2.3789198,2.603344594,-0.415531658
KWKLFKKIFKRIVQRIKDFLRN,22,7.5,2.9056197,2.581204966,-0.411822492
RRICRCRIGRCLGLEVYFGVCFLHGRLARRCCR,33,10.0544715,3.9428673,2.55004055,-0.406547087
KILRGVSKKIMRTFLRRISKDILTGKK,27,8,3.1869943,2.510202168,-0.3997087
IKKIWSKIKKWWK,13,4.4458,1.772257,2.508552653,-0.399423221
LKLSPKTKKTLKKVLKGAIKGAIAIASMA,29,7.542275,3.0088378,2.506707075,-0.399103587
KRIKQRIKDFLR,12,4.010025,1.6009751,2.504739143,-0.398762503
ALWKTLLKNVGKAAGKAALNAVTDMVNQ,28,7.32635,2.9264778,2.503470213,-0.398542428
ALWFTMLKKLGTMALHAGKAALGAAANTISQGTQ,34,8.690475,3.4731256,2.502205794,-0.398323025
FFFHIIKGLFHAGRMIHGLVNRRRHRH,27,8.3876,3.3540072,2.500769825,-0.39807372
VRLEFKLQQTSCRKRDWKKP,20,6.3,2.5470268,2.473472207,-0.393307035
KRFGRLAKSFLRMRILLPRRKILLAS,26,7.666666667,3.1409739,2.440856534,-0.387542254
STIGKLVKWIIKTVNKFTKK,20,5.613528,2.3329029,2.406241597,-0.38133923
VIVFVASVAAEMMQHVYCAASKKC,24,6.2,2.5861634,2.397373654,-0.379735728
YPYYGTNLYQRRPAIAINNPYVPRTYYANPAVVRPHAQIPQRQYLPNSHPPTVVRRP,57,16,6.7066452,2.385693521,-0.377614651
GLLSGILGAGKHIVCGLSGLR,21,4.68,2.0214593,2.315159153,-0.364580851
RICRCRIGRCLGLEVYFGVCFLHGRLARRCCR,32,8.709502,3.7866797,2.300036626,-0.361734752
RVKRVWPLVIRTVIAGYNLYRAIKKK,26,7.04638675,3.1418909,2.242721652,-0.350775376
RRIRPRPPRLPRPRPRPLPFPRPGPRPIPRPLPFP,35,9.3400728,4.2071487,2.220048177,-0.346362399
VNFLLHKIYGNIRDS,15,3.9,1.789068,2.179905962,-0.338437759
INLKAIAAFAKKFI,14,3.32,1.5479481,2.144774751,-0.331381688
GILKTIKSIASKVANTVQKLKRKAKNAVA,29,6.482364,3.0797687,2.104821703,-0.323215313
AKKVFKRLEKLFSKIWNWK,19,5.1086672,2.4500153,2.085157264,-0.319138815
GIFSKFVGKGLKNLFMKGAKTIGREVGMDVLRTGIDIAGCKIKGEC,46,10,4.8879263,2.045857361,-0.310875351
ANLDAIIKIQAWARMWAARRQYL,23,5.6,2.7592778,2.029516564,-0.3073926
WKWKWKNGKWKWKW,14,4.16316,2.0754961,2.005862598,-0.30230118
WKWKWENGKWKWKW,14,4.16304,2.0764374,2.0048955,-0.302091741
FKGLAKLLKIGLKALAKVIQ,20,4.31564,2.1527831,2.004679431,-0.302044934
WRWAKWGLKLWKWKKIY,17,4.764,2.3769256,2.004269717,-0.301956165
KWKLWKKIEKWGQGIGAVLKWLTTWL,26,6.40798,3.1979078,2.003803862,-0.301855209
GLLDTIKGVAKTVAASMLDKLKCKISGC,28,5.73918,2.8645328,2.003530907,-0.301796046
IIKKFLHSIWKFGKAFVGEIMNI,23,5.44884,2.7203649,2.002981291,-0.301676893
KRFWQLVPLAIKIYRAWKRR,20,5.2646,2.6292431,2.002325308,-0.301534637
AGRQWIKAYLRREIRKRGRKAVIAW,25,6.17152,3.0827021,2.001983909,-0.301460583
IWWAKLGLKLLRYRRWY,17,4.6478,2.3218466,2.001768765,-0.301413908
GCRRLCYKQRCVTWCRGR,18,4.49156,2.2447279,2.000937396,-0.301233501
FFHHIWRGIVHVGKTIHRLVTG,22,5.22424,2.6110979,2.000782889,-0.301199965
YYHFWHRGVTKRSLSPHRPRHSRLQR,26,6.71976,3.3588292,2.000625694,-0.301165842
IRMRIRVLL,9,2.33912,1.1695472,2.000021889,-0.301034749
SVMGTVKDLLIGAGKSAAQSVLKSLSCKLSNDC,33,6.6,3.3249336,1.985002046,-0.297760959
AIHNLAHKLLKKLTRAVKKLAN,22,4.8479535,2.4810739,1.953973842,-0.290918745
TSGKYPNCRYKEKRQNKSYVVACKPPQKKDSQQFHLVPVHLDRVL,45,10.2187776,5.3151765,1.922565996,-0.283881257
AIPFIFIWRLLRKG,14,3.2546748,1.7301761,1.88112343,-0.274417293
SGRGKQGGKVRAKAKTRSSRAGLQFPVGRVHRLLRKGNY,39,8,4.2789918,1.869599283,-0.271748533
KWRQWQSKWRRTNPWFWIRR,20,5.333333333,2.9023697,1.837578904,-0.264245996
WWKRWKRIRRIFMMV,15,4,2.1927793,1.82416899,-0.261065069
RCYCRRRFCVCR,12,2.9,1.6210176,1.7889997,-0.252610268
KKWRAWLKWLAKK,13,3.1,1.7421903,1.779369338,-0.250266103
GLRKKFRKTRKRIQKLGRKIGKTGRKVWKAWREYGQIPYPCRI,43,9.333333333,5.2864329,1.765525735,-0.246874052
RAGLQFPVGRVHRLLRK,17,3.5,2.0034316,1.747002493,-0.242293525
ANVGFVIQLQARLRGFLVRQKFA,23,4.5,2.6321545,1.709626088,-0.232901136
RRRLCPIVIRVCRR,14,3,1.7962908,1.670108203,-0.222744609
KAIKRIGKRIKKLLLKLKKK,20,4,2.4042055,1.663751289,-0.221088405
VRRSKRGIKVPSFVKKVLKDVVSESIS,27,5,3.0426635,1.643297065,-0.21571608
GFMDTAKNVAKNMAGNLLDNLKCKITKAC,29,5,3.1137424,1.60578473,-0.205687324
RWRWWWRVY,9,2.390048,1.4937398,1.60004306,-0.20413167
KKWKKFIKKIGIGAVLTTPGAKK,23,4,2.5412098,1.574053429,-0.19701947
RWCVRARVRGVRYRRCW,17,3.5549124,2.2787492,1.560027931,-0.193132374
RWCVYAYVRVRGGLVRYRRCW,21,4.240548,2.7182577,1.560024276,-0.193131357
RIVFAVLSIVNRVRQ,15,2.7,1.7701552,1.525289986,-0.183352419
FIKWKFRWWKWRK,13,2.99928,1.9954531,1.503057125,-0.176975487
SWLSKTYKKLENSAKKRIAEGIAIALRGGPR,31,5.17221,3.4430578,1.502214107,-0.176731836
RRFKLLSHSLLVTLASHL,18,3.125,2.0915317,1.494120314,-0.17438557
KFFKKLKNSVKKRAKKFFKKPRVIGVSIPF,30,5.208333333,3.5955162,1.448563445,-0.160937521
KWKSFIKNLTKGGSKILTTGLPALIS,26,4,2.8023979,1.427349057,-0.154530192
KKKKKKKKKKGIGKLFLHAAKKFAKAFVAEKMNS,34,5.466666667,3.8889045,1.405708643,-0.147895315
WKIVFWWRR,9,1.928794,1.3766732,1.401054368,-0.146454988
GLFGKLIKKFGRKAISYAVKKARGKH,26,4.0551115,2.9025734,1.397074575,-0.145219589
LKGCWTKSIPPKPCF,15,2.34,1.7051217,1.372336063,-0.137460476
KWCVYAYVKVKGVLVKYKKCW,21,3.464426667,2.5922579,1.336451387,-0.125953166
ALWKNMLKGIGKLAGQAALGAVKTLVGAES,30,3.900858,2.9966124,1.301755943,-0.114529569
RQRRVVIWW,9,1.688154,1.2985601,1.300019922,-0.113950008
GLRKRPRKFRNKIKEKLKKIGQKIQGLLPKLAPRTDY,37,5.6,4.4174092,1.2677114,-0.103020396
KRIVKRIKAFLR,12,1.91375,1.5279671,1.252481156,-0.0977712
KRIVQRIKAFLR,12,1.9124375,1.5279237,1.251657723,-0.097485583
WPKRLTKAHWFEIQHIQPSPLQCNRAMSGINNYTQHCKHQNTFLH,45,6.8054375,5.4412365,1.250715256,-0.097158447
KPKGMTSSQWFKIQHMQPSPQASNSAMKNINKHTKRSKDLNTFLH,45,6.260568,5.2100177,1.201640447,-0.079774538
GWWRRTVDKVRNAGRKVAGFASKACGALGH,30,3.8128194,3.2557645,1.171098032,-0.068593251
LLRRVARLLKRFAK,14,2,1.7402188,1.149280769,-0.06042614
GIFSKISGKAIKNLFIKGAKNVGKRVGMDVVRTGMDVVGCKIKGEC,46,5.5,4.8539122,1.13310661,-0.054270773
GLFTLIKGAAKLIGKTVPKKQARLGMNLWLVKLPTNVKT,39,4.68,4.2482808,1.101622096,-0.042032638
GGLKKLGKKLEGAGKRVFNAAEKALPVVAGAKALRK,36,4,3.6754711,1.088295865,-0.036746979
GIFSKFAGKGLKNLFMKGAKTIGKEVGMDVLRTGIDIAGCKIKGEC,46,5,4.8318591,1.034798386,-0.014855743
KWKLFKKIGKVLKKL,15,1.8645,1.8574471,1.003797093,-0.001645934
AGTEKIFQRLKKKIQEGKKIAKRAW,25,2.96365,2.9565758,1.0023927,-0.001037895
GFMSKVANFAKKFAKGGVNAIMNQK,25,2.69229,2.6872298,1.001883054,-0.000817031
NIKISGKWKAQKRFLKGGGRLLRPLLQLLKQKLR,34,3.99402,3.9869479,1.001773813,-0.000769675
SQRKLAAKLTSKGGGRLLRPLLQLLKQKLR,30,3.37721,3.3721563,1.001498655,-0.00065037
LKIPGFVRDTLKKVAKEIFSAVTGAVTQS,29,3.10874,3.1046849,1.001306123,-0.000566872
AGRQTIAKYLRREIRKRGRKWVIAW,25,3.11579,3.1127284,1.000983574,-0.000426951
GIPCGESCVFIPCITAAIGCSCKSKVCYRN,30,3.12586,3.1237819,1.000665251,-0.000288819
GCRRLCWRQRCVTWCRGR,18,2.29583,2.2957786,1.000022389,-9.72E-06
MMRVMRRKTKVIWEKKDFIGLYSID,25,3.1,3.1448677,0.985733041,0.006240686
YWKKWKKLRRIFMLV,15,2,2.0956761,0.954345951,0.020294165
KKLIKVWAKGFKKAKKLFKGIG,22,2.374722,2.5172337,0.94338559,0.025310762
AIPFIWIFRLLRKG,14,1.6273374,1.7301761,0.940561715,0.026612703
GVFTLIKGATQLIGKTLGKELGKTGLELMACKITEQC,37,3.6,3.8947223,0.924327776,0.034173996
GGGGRFKRFRKKFKKLFKKLSPVIPLLHLG,30,3.16715355,3.4543062,0.916871107,0.037691713
GIFSLIKGAAKVVAKGLGKEVGKFGLDLMACKVTNQC,37,3.42153,3.7956385,0.901437268,0.045064491
GWGSFFKKAAHVAKHVAKAALTHYL,25,2.371635,2.7392224,0.865805931,0.062579443
ISRLAGLVRKGGEKFGEKLRKIGQKIKEFFQKLALEIEQ,39,3.7753296,4.487361,0.841325135,0.075036136
RAGLQFPVGKLLKKLLKRLKR,21,2,2.4631455,0.811969898,0.090460071
KPVPIIYCNRRTGKCQRM,18,1.732576,2.1636674,0.800758934,0.096498207
RWCVYAYVRVRGRLVRYRRCW,21,2.253952,2.8173933,0.80001326,0.096902815
RRRRRRRRRRGIGKFLHSAKKFGKAFVGEIMNS,33,3.12,4.0288101,0.774422205,0.111022203
SWLSKTWKKLENSGKKRIAEGIAIALKGGLR,31,2.584635,3.4400977,0.751326045,0.124171556
RVVRQWPIGRVVRRVVRRVVRL,22,2,2.7554086,0.725845161,0.139156014
KWKLFKKIGIGAVLKVLTTGLPALIS,26,2,2.795536,0.715426308,0.145435094
GSKRWRKFEKRVKKVFEHTKEALPVIQGVATVVGAVGRR,39,3.12,4.4492801,0.701237038,0.154135153
KWKSFIKKLTTAVKKVLTTGLPALIS,26,2,2.8725756,0.696239291,0.157241472
KWKSFIKKLTKAAKKVVTTAKKPLIV,26,2,2.9557553,0.676646,0.169638481
KWKFKKIGIGAVLKVLTTGLPALKLTLK,28,2,3.0659113,0.652334593,0.18552959
QCRRLCYKQRCVTYCRGR,18,1.4680448,2.2927694,0.640293263,0.193621068
KRKVKRIKKFLR,12,1.0032,1.6000772,0.626969749,0.202753413
AGKRIVQRIKDFLRGAGKRIVQRIKDFLRG,30,2.1876625,3.4962174,0.625722674,0.203618107
KWKVFKKIEKMGRNIRNGIVKAGPAIAVLGEAKAL,35,2.3825298,3.8357106,0.621144306,0.206807492
KWKKFIKKIGIGAVLKVLTTGLPALKLTKK,30,2,3.3222597,0.601999898,0.220403582
RVKRFKKFFRKIKKGFRKIFKKTKIFIG,28,2,3.5745469,0.559511473,0.252191004
KRLFKKLLKYLRKF,14,1,1.8814286,0.531511002,0.274487741
KCRRLCYRQRCVTYCRGR,18,1.1783541,2.3208262,0.507730437,0.294366801
YKSKKPLFKIWKCVENVCVLWYK,23,1.45484,2.9035958,0.501047701,0.300120926
NPFKKLERVGQHIRDGIIKAGPAVEVIGQANSIARPAGK,39,2.07044,4.1368187,0.500490872,0.300603839
KWKFFKKIERVGQNIRDGIIKAGPAVAVVGQATNIAKG,38,2,4.1098793,0.486632296,0.312799072
RRIRPRPPRLPRPRPRPLPFPRPG,24,1.322388,2.9385777,0.45000954,0.346778279
GFCKAVCVYRNGVRVCHRRCN,21,1,2.4409338,0.409679279,0.387556001
ECYCRRRFCVCVGR,14,0.7,1.7501301,0.399970265,0.397972294
WGFCWNVCVYRNGVRVCHRRCN,22,1,2.7282113,0.366540524,0.435878004
VCYCRRRFCVCVGR,14,0.6,1.7201472,0.348807358,0.457414362
KWKSFIKNLEKVLKPGGLLSNIVTSL,26,1,2.9135415,0.343224903,0.464421209
GIGGKILSGLKTALKGAAKELASTYLH,27,0.9,2.698203,0.333555333,0.476832111
RGGRLCYCRRRFCVCI,16,0.6,1.9614406,0.305897614,0.51442391
RKIRPRPPRLPRPRPR,16,0.614871,2.0485218,0.300153506,0.522656579
VDKGSYRPRPTPPRPIYNRN,20,0.715428,2.3836991,0.300133519,0.5226855
RRIRPRRPRLPRPRPR,16,0.640695,2.1356061,0.300006167,0.522869818
AATAKKGAKKADAPAKPKKATKPKSPKKAAKKAGAKKGVKRAGKKGAKKTTKAKK,55,1.4,5.567838,0.251444097,0.599558556
AGTNRIAKELRRYIRKVGRIARKWW,25,0.7754425,3.0987015,0.250247563,0.601630143
RRIKPRPPRLPRPRPR,16,0.4918968,2.0485218,0.240122805,0.619566592
RGLRRLGRKIAHGVKKYGPTVLRIIRIAG,29,0.776275467,3.2560017,0.238413717,0.622668761
KWCFRVAYRGISYRRCR,17,0.5,2.22066,0.225158286,0.647512066
APGNKAECEREKGYCGFLKCSFPFVVSGKCSRFFFCCKNIW,41,0.96,4.6885512,0.204754083,0.688767429
GNNKPVYKPQPRPPRPRL,18,0.389140997,2.1144853,0.184035802,0.735097682
MAFKKLEKVGRNIRDGIIKAGPAVAVIGQATSIARPTGK,39,0.583214733,4.0638724,0.143512068,0.843111577
GNNRPVYKPQPRPPRPRL,18,0.268249971,2.1424987,0.125204263,0.902380884
KWCFRVCYRGICYRACR,17,0.25,2.1836838,0.11448544,0.941249742
KWCFRVCYRGICYRRCR,17,0.245307783,2.2687926,0.108122612,0.966083471
RRIKKRPPRLPRPRPR,16,0.194781093,2.0795793,0.093663701,1.028428686
KWCFRVCYRGICYRKCR,17,0.13905608,2.2407792,0.06205702,1.207209083
KWCFAVCYRGICYRRCR,17,0.125,2.1836838,0.05724272,1.242279738
KWCFRVCYRGACYRRCR,17,0.125,2.2267119,0.056136584,1.250754018
RRWCFRVCYKGFCYRKCR,18,0.07542455,2.4309839,0.031026347,1.508269355
AWTEKIFQRLKKTIQEGKKIAKRAW,25,0.0478101,3.058668,0.01563102,1.806012681
