SEQUENCE,LENGTH,MIC_Âµgml,molecular_weight_kDa,MIC_microM,neg_log_MIC_microM
WLKKW,5,80,0.7599497,105.2701251,-2.022305139
WLLKW,5,80,0.744935,107.3919201,-2.030971607
KDEKK,5,7797.24,0.6467419,12056.18501,-4.081209904
PDENK,5,8135.64,0.6016141,13523.02082,-4.131073717
RKKWFW,6,152.024704,0.9501544,160,-2.204119983
RKWLFW,6,149.622352,0.9351397,160,-2.204119983
RRWWWR,6,23.51740275,1.0452179,22.5,-1.352182518
KHTAPK,6,12290.94,0.6808054,18053.52895,-4.256562107
KKTKPK,6,13193.46,0.7289338,18099.66831,-4.257670616
VHTAPK,6,11750.04,0.6517638,18028.06477,-4.25594911
VHTKPK,6,12795.84,0.7088592,18051.314,-4.256508821
VKTAPK,6,11606.76,0.6427968,18056.65492,-4.256637298
KWLKKWL,7,80,1.0012834,79.8974596,-1.902532971
KWLLKWL,7,40,0.9862687,40.55689895,-1.608064741
WNWSRSF,7,64,0.9820663,65.16871621,-1.814039166
WNWTKRF,7,28,1.0371892,26.99603891,-1.431300045
WSWSKSF,7,32,0.9270272,34.518944,-1.538057501
KIWVIRWR,8,8,1.1564428,6.91776541,-0.83996583
KLKLLLLL,8,20,0.9533206,20.97930119,-1.321791018
KWKLFKKI,8,69.7869376,1.0904209,64,-1.806179974
PFKISIHL,8,2.5,0.9541806,2.620049077,-0.418309426
RIWVIRWR,8,4,1.1844562,3.377077177,-0.528540986
RIWVIWRR,8,2,1.1844562,1.688538588,-0.22751099
RRWVIWRR,8,16,1.2274843,13.03478994,-1.115104037
TCSYTMEA,8,302,0.9050173,333.6952785,-2.523350062
NPRRQERR,8,13335.12,1.1112325,12000.29697,-4.079191994
NPRRRERR,8,13671.84,1.1392893,12000.32336,-4.079192949
NPSRQERR,8,18758.7,1.0421231,18000.46463,-4.255283715
NPSRRERR,8,16053.15,1.0701799,15000.42189,-4.176103474
AHCLAIGRK,9,25,0.9681916,25.82133536,-1.411978698
ALLLAIRKR,9,6,1.0533602,5.696057246,-0.755574345
ALRLAIRKR,9,4,1.0963883,3.648342471,-0.562095599
ALWLAIRKR,9,10,1.126414,8.877730568,-0.94830196
ALYLAIRKR,9,4,1.1033767,3.625235153,-0.559336183
AWLLAIRKR,9,5,1.126414,4.438865284,-0.647271965
EPFKISIHL,9,15,1.0832961,13.84662974,-1.141344079
FKCRRWQWR,9,17.0703875,1.365631,12.5,-1.096910013
KKWLKKWLK,9,40,1.2576318,31.80581153,-1.502506481
KLLKWLLKL,9,12.5,1.1545486,10.82674216,-1.034497794
LKWLKKWLK,9,40,1.2426171,32.19012518,-1.507722666
LKWLLKWLK,9,5,1.2276024,4.072979981,-0.609912276
LKWLLKWLL,9,5,1.2125877,4.123413094,-0.615256846
RLKLLLRLK,9,20,1.1525363,17.35303261,-1.239375383
TPFKISIHL,9,15,1.0552857,14.2141602,-1.152721206
FFFFRRRR,9,128,1.231472,103.9406499,-2.016785428
AAGMGFFGAR,10,12.4986669,0.984147,12.7,-1.103803721
FQWQRNMRKV,10,417.79536,1.3926512,300,-2.477121255
KKWWWKWKKW,10,14.90580656,1.5899527,9.374999998,-0.971971276
LRQSQFVGSR,10,12.47968846,1.1773291,10.6,-1.025305865
LRWQNEMRKV,10,407.88564,1.3596188,300,-2.477121255
RLKLLLLRLK,10,20,1.2656958,15.80158518,-1.198700657
RQWQSKIRRT,10,407.57097,1.3585699,300,-2.477121255
RRFFFRFRRF,10,28.77817875,1.5348362,18.75,-1.273001272
RRIIIRWRRI,10,6.743303105,1.4378045,4.69,-0.671172843
RRWQWRMKKL,10,12.55738564,1.4878419,8.440000003,-0.926342447
RRWWRRWRRW,10,17.53543811,1.699994,10.315,-1.013469232
RRWWWRWRRW,10,17.84515321,1.7300197,10.315,-1.013469232
YQWQRRMRKL,10,445.2874048,1.4647612,304,-2.482873584
WNSNVHSYRF,10,29.33333333,1.3094067,22.40200339,-1.350286859
AVPDVAFNAYG,11,76.8,1.1232306,68.37420562,-1.834892294
KKLLKKLLKWL,11,2,1.410897,1.417537921,-0.151534686
KKLLKWLKKLL,11,12.5,1.410897,8.859612006,-0.947414703
KKLLKWLLKLL,11,6.3,1.3958823,4.513274507,-0.654491749
KLKLLLLLKLK,11,20,1.3228285,15.11911786,-1.179526453
KLLKKLLKWLK,11,2,1.410897,1.417537921,-0.151534686
KLLKWLKKLLK,11,2,1.410897,1.417537921,-0.151534686
KWLKKLLKKLL,11,2,1.410897,1.417537921,-0.151534686
LKKLLKKLLKW,11,4,1.410897,2.835075842,-0.452564681
LKKLLKWLKKL,11,2,1.410897,1.417537921,-0.151534686
LKKWLKKWLKK,11,20,1.4989655,13.34253524,-1.125238359
LKLLKWLLKLL,11,50,1.3808676,36.20911954,-1.558817965
LKWLKKLLKKL,11,4,1.410897,2.835075842,-0.452564681
LLKKLLKWLKK,11,4,1.410897,2.835075842,-0.452564681
LLKWLKKLLKK,11,4,1.410897,2.835075842,-0.452564681
LLKWLKKWLKK,11,40,1.4839508,26.95507156,-1.430640489
LLKWLLKWLKK,11,10,1.4689361,6.807648066,-0.832997096
LLKWLLKWLLK,11,80,1.4539214,55.02360719,-1.740549058
LRRLWLRANRL,11,187.7503488,1.4667996,128,-2.10720997
RIKRFWPVVIR,11,3.516,1.469843,2.392092217,-0.378777918
RLKLLLLLRLK,11,20,1.3788553,14.50478524,-1.161511303
WLKKLLKKLLK,11,4,1.410897,2.835075842,-0.452564681
FLGALIPAIAG,11,800,1.0422869,767.5429865,-2.885102708
FLGALIPAITG,11,800,1.0723132,746.0506874,-2.872768335
GLARIVVIRVAR,12,16,1.3226639,12.0967995,-1.082670482
ILGKIWKIKKLF,12,2.9739028,1.4869514,2,-0.301029996
ILGTILGLLKGL,12,25,1.210567,20.65147984,-1.314951178
KQFRIRVRVIRK,12,3,1.5990056,1.876166037,-0.27327127
KRFRIRVRVIRK,12,1.6,1.6270624,0.983367325,0.007284226
KRWRIRVRVIRK,12,1.6,1.6660991,0.96032703,0.017580847
RAVAVIIRLRRV,12,11,1.4217995,7.736674545,-0.888554328
RGARIVVIRVAR,12,8,1.365692,5.857836174,-0.767737222
RIKRFWPVVIRT,12,3.516,1.5709481,2.238138867,-0.349887029
RLARIVKIRVAR,12,16,1.4508411,11.02808571,-1.042500133
RLARIVVIRVAG,12,16,1.3226639,12.0967995,-1.082670482
RLARIVVIRVRR,12,8,1.5069083,5.308883095,-0.725003162
RLARIVVIRWAR,12,4,1.5088802,2.650972556,-0.423405232
RLARRVVIRVAR,12,16,1.4648276,10.92278709,-1.038333468
RLRRIVVIRVAR,12,4,1.5069083,2.654441548,-0.423973166
RLRRIVVIRVRR,12,2,1.5920171,1.256267913,-0.099082267
RLSRIVVIRVCR,12,4,1.4698649,2.721338539,-0.434782572
RLWRIVVIRVAR,12,2,1.536934,1.301292053,-0.114374778
RRAAVVLIVIRR,12,6,1.4217995,4.220004297,-0.625312893
RRARIVVIRVAR,12,4,1.4648276,2.730696773,-0.436273477
RRWRIVVIRVRR,12,2.5,1.6650709,1.501437566,-0.176507278
RWWKIWVIRWWR,12,4,1.8712703,2.137585361,-0.329923467
VQLRIRVRVIRK,12,3,1.5359469,1.953192522,-0.290745053
VRFRIRVAVIRA,12,1.6,1.4558166,1.099039536,-0.041013316
VRLRIRVAVIRA,12,3,1.4217995,2.110002149,-0.324282898
VRLRIRVAVIRK,12,3,1.4788949,2.028541717,-0.307183943
VRLRIRVAVRRA,12,6,1.4648276,4.096045159,-0.612364736
VRLWIRVAVIRA,12,6,1.4518252,4.132728926,-0.61623692
VRWRIRVAVIRA,12,1.6,1.4948533,1.070339143,-0.029521408
EKRWRRLIFNYF,12,7.953768,1.7280331,4.602786833,-0.663020862
AKKFGKAFVGEIM,13,45.6242816,1.4257588,32,-1.505149978
FIGAIARLLSKIF,13,1.5,1.4488155,1.035328515,-0.015078176
FLPVIAGVLSKLF,13,56.15086,1.4037715,40,-1.602059991
FVPWFSKFLPRIL,13,82.50214,1.6500428,50,-1.698970004
GLFDIVKKLVSDF,13,148.07679,1.4807679,100,-2
GLFDKLKSLVSDF,13,367.178375,1.4687135,250,-2.397940009
GLLPLLSLLGKLL,13,33.7441075,1.3497643,25,-1.397940009
ILGKIAEGIKSLF,13,88.8777088,1.3887142,64,-1.806179974
ILGKILEGIKSLF,13,22.8927184,1.4307949,16,-1.204119983
ILGKILKGIKKLF,13,2.9418992,1.4709496,2,-0.301029996
ILGKIWKGIKSLF,13,3.0058148,1.5029074,2,-0.301029996
INWKKGKEVLKAL,13,152.68866,1.5268866,100,-2
INWKKIASIGKEV,13,148.57906,1.4857906,100,-2
KIASIGKEVLKAL,13,136.97117,1.3697117,100,-2
KWKLFKKIPKFLH,13,10.70743188,1.7131891,6.250000003,-0.795880018
KWKLFKKIPLKKF,13,21.30277625,1.7042221,12.5,-1.096910013
FIFSKLFLGLIKI,13,154.101,1.5389806,100.1318665,-2.000572312
LAKKLAKYLKKAL,13,64,1.4879366,43.01258535,-1.633595547
LAKKLKEYLEKLV,13,128,1.5749684,81.27147186,-1.909938125
LIKKLKEYLKKLI,13,128,1.6301347,78.52111853,-1.894986477
FLSTIWNGIKSLL,13,83.48717984,1.4917942,55.96427432,-1.747910877
IFGAIWKGISSLL,13,80.25343021,1.404716,57.13142743,-1.756875075
VKGSWSKKFEVIA,13,27.7020122,1.4787551,18.73333333,-1.272615061
FIGPIISALASLFG,14,84.342036,1.4057006,60,-1.77815125
FSLIPSAIGGLISA,14,67.28011,1.3456022,50,-1.698970004
GFWGKLWEGVKSAI,14,50,1.5778469,31.68875257,-1.500905143
GFWGSLWEGVKSVV,14,100,1.5507778,64.48377066,-1.809450425
IDWKKIFEKVKDLV,14,83.65406925,1.7611383,47.5,-1.67669361
IDWKKIFEKVKNLV,14,22.8819968,1.7601536,13,-1.113943352
IDWKKLLDAAKQIL,14,8.275071,1.6550142,5,-0.698970004
IDWLKLGKMVIDAL,14,8.075068,1.6150136,5,-0.698970004
IDWLKLGKMVMDVL,14,63.122047,1.6611065,38,-1.579783597
INFLKLGKKILGAL,14,152.79581,1.5279581,100,-2
INLKAIAAMAKKLL,14,3,1.497953,2.002733063,-0.301623068
INSLKLGKKILGAL,14,146.78597,1.4678597,100,-2
INWKKIASIGKEVL,14,159.89501,1.5989501,100,-2
INWKKIFEKVKDLV,14,15.8413824,1.7601536,9,-0.954242509
INWKKIFEKVSNLV,14,21.47591125,1.7180729,12.5,-1.096910013
INWKKIFESVKNLV,14,17.180729,1.7180729,10,-1
INWKKLGKKILGAL,14,68.0264085,1.5820095,43,-1.633468456
INWKSIFEKVKNLV,14,25.7710935,1.7180729,15,-1.176091259
INWLKLGKKIISAL,14,159.7021,1.597021,100,-2
INWLKLGKKILGAI,14,105.772149,1.5669948,67.5,-1.829303773
INWLKLGKKLLSAL,14,159.7021,1.597021,100,-2
INWLKLGKKMMSAI,14,114.316944,1.6330992,70,-1.84509804
INWLRLGRRILGAL,14,165.1035,1.651035,100,-2
INWSKIFEKVKNLV,14,21.47591125,1.7180729,12.5,-1.096910013
INWSSIFEKVKNLV,14,58.6941915,1.6769769,35,-1.544068044
INWSSIFESVKNLV,14,163.58809,1.6358809,100,-2
INWSSIFESVSNLV,14,159.47849,1.5947849,100,-2
KKIASIGKEVLKAL,14,149.78859,1.4978859,100,-2
KWKLFKKIPKFLHL,14,11.41467875,1.8263486,6.25,-0.795880017
KWKLFKKIPLAKKF,14,16.64344594,1.7753009,9.375000001,-0.971971276
NIWKKIFEKVKNLV,14,43.9792225,1.7591689,25,-1.397940009
RIKRFWPVVIRTVV,14,3.516,1.7692133,1.98732397,-0.298268671
RPRPNYRPRPIYRP,14,3.9,1.8381521,2.121696023,-0.326683162
SNWLKLGKKMMSAL,14,160.70179,1.6070179,100,-2
WKKIPKFLHLAKKF,14,22.30334875,1.7842679,12.5,-1.096910013
WKKIPKFLHLLKKF,14,11.41467875,1.8263486,6.25,-0.795880017
GGGKKKKKRWRWRW,14,401.51188,1.8572449,216.186826,-2.334829225
GGGRWRWRWKKKKK,14,401.51188,1.8572449,216.186826,-2.334829225
GLLGKILGAGKKVL,14,175.33056,1.3667547,128.2823904,-2.108167044
RRIRRPRLPRPRVP,14,105.136128,1.8252468,57.6010477,-1.760430383
VVKTGCQRRRMLPR,14,170.114,1.7001125,100.0604372,-2.000262396
GILGKLWEGFKSIV,14,106.1836194,1.5468738,68.64400921,-1.836602641
AKCLRWQWAMRKVGG,15,239.8859022,1.7901933,134,-2.127104798
AKCLRWQWAMRKYGG,15,163.1728296,1.8542367,88,-1.944482672
AKCLRWQWEMRKVGG,15,722.65793,1.84823,391,-2.592176757
AKCLRWQWEMRKYGG,15,288.7532834,1.9122734,151,-2.178976947
AKCLRWQWRMRKVGG,15,58.1343651,1.8753021,31,-1.491361694
AKCLRWQWRMRKYGG,15,48.4836375,1.9393455,25,-1.397940009
AKCRRWQWRMKKLGA,15,67.1429675,1.9183705,35,-1.544068044
AKRLKKLAKKIWKWK,15,7.7019396,1.9254849,4,-0.602059991
AKRLKKLAKKIWNWK,15,61.1652672,1.9114146,32,-1.505149978
ANFLPKIFCKITRKC,15,50,1.7822512,28.0544067,-1.448001089
EKCLRWQWRMRKVGG,15,193.33388,1.9333388,100,-2
EKCLRWQWRMRKYGG,15,125.8350786,1.9973822,63,-1.799340549
FACRRWQWRMKKLGA,15,77.494916,1.9373729,40,-1.602059991
FKCARWQWRMKKLGA,15,66.8275825,1.9093595,35,-1.544068044
FKCRAWQWRMKKLGA,15,116.4709295,1.9093595,61,-1.785329835
FKCRRWAWRMKKLGA,15,29.0612445,1.9374163,15,-1.176091259
FKCRRWQWAMKKLGA,15,53.462066,1.9093595,28,-1.447158031
FKCRRWQWRAKKLGA,15,135.404395,1.9343485,70,-1.84509804
FKCRRWQWRMAKLGA,15,67.8080515,1.9373729,35,-1.544068044
FKCRRWQWRMKALGA,15,48.4343225,1.9373729,25,-1.397940009
FKCRRWQWRMKKAGA,15,48.80969,1.9523876,25,-1.397940009
FKCRRWQWRMKKLAA,15,24.1019412,2.0084951,12,-1.079181246
IIGHLIKTALGFLGL,15,156.59636,1.5659636,100,-2
INLKAIAALAKKLLG,15,6,1.5369659,3.903795133,-0.591487018
INWKKIASIGKEVLK,15,172.71243,1.7271243,100,-2
KFFRKLKKSVKKRAK,15,20.6,1.8924121,10.88557825,-1.036851504
KWKLFKKAVLKVLTT,15,1.08198528,1.8033088,0.6,0.22184875
KWKLFKKGAVLKVLT,15,5.2777671,1.7592557,3,-0.477121255
KWKLFKKGIGAVLKV,15,6.8608104,1.7152026,4,-0.602059991
KWKLFKKIPHLAKKF,15,23.90552625,1.9124421,12.5,-1.096910013
KWKLFKKIPKFLHLA,15,17.78838188,1.8974274,9.375000003,-0.971971277
KWKLFKKLKVLTTGL,15,3.6066178,1.8033089,2,-0.301029996
KWKLFKKVLKVLTTG,15,0.894641,1.789282,0.5,0.301029996
RKCLRWQWAMRKVGG,15,58.1343651,1.8753021,31,-1.491361694
RKCLRWQWAMRKYGG,15,23.272146,1.9393455,12,-1.079181246
RKCLRWQWEMRKVGG,15,71.5335356,1.9333388,37,-1.568201724
RKCLRWQWEMRKYGG,15,37.9502618,1.9973822,19,-1.278753601
RKCLRWQWRMRKVGG,15,19.604109,1.9604109,10,-1
RKCLRWQWRMRKYGG,15,20.244543,2.0244543,10,-1
SKCRQWQWKIRRTNP,15,435.2236932,1.9873228,219,-2.340444115
SKCYQWQRRMRKLGA,15,481.6448784,1.9112892,252,-2.401400541
SKCYQWQWRMRKLGA,15,337.7887926,1.9413149,174,-2.240549248
TKCFQWQWNMRKVRG,15,145.6572044,1.9683406,74,-1.86923172
WFKKIPKFLHLAKKF,15,24.14305625,1.9314445,12.5,-1.096910013
WFKKIPKFLHLLKKF,15,6.16726625,1.9735252,3.125,-0.494850022
WKKIASIGKEVLKAL,15,104.4141504,1.6840992,62,-1.792391689
FILYGLIRFGRLLRK,15,16.050782,1.8653424,8.604737661,-0.934737634
RFGRFLRKILRFLKK,15,16,1.978508,8.086901847,-0.907782172
RFGRFLRKILRFLLK,15,32,1.9634933,16.29748367,-1.212120555
RFGRFLRKILRFLRK,15,8,2.0065214,3.98699959,-0.600646191
FKRIVQRIKDFLRNLV,16,40.910122,2.0455061,20,-1.301029996
INWKKIASIGKEVLKA,16,134.8652325,1.7982031,75,-1.875061263
KWFKKIPKFLHLAKKF,16,25.74523375,2.0596187,12.5,-1.096910013
KWFKKIPKFLHLLKKF,16,6.567810625,2.1016994,3.125,-0.494850022
KWKLFKKIPKFLHLAK,16,9.4950075,2.0256016,4.6875,-0.670941281
KWKLFKKIPLHLAKKF,16,18.990015,2.0256016,9.375,-0.971971276
NWKKIASIGKEVLKAL,16,37.7622651,1.7982031,21,-1.322219295
PSVQGAAAQLTADVKK,16,74.9931999,1.5838057,47.35,-1.675319983
RGGRLCYCRRRFCICV,16,25,1.9614406,12.74573393,-1.105364848
RIKRFWPVVIRTVVAG,16,3.516,1.8973441,1.85311668,-0.267902765
RRIRRPRLPRPRVPRP,16,60.694828,2.0785511,29.20054648,-1.465390979
NLLNDALGTVNGLLGS,16,100.5288768,1.5707637,64,-1.806179974
YPCKLNLKLGKVPFHF,16,64.00101159,1.9043534,33.60773877,-1.526439293
FKLFKKIPKFLHLAKKF,17,13.33588438,2.1337415,6.250000002,-0.795880017
ILGPILGLVSNALGGLL,17,5.99403478,1.6200094,3.7,-0.568201724
INWKKIAEIGKQVLSAL,17,8,1.9113192,4.185590769,-0.621756765
INWKKIAEVGGKILSSL,17,8,1.8562398,4.309787992,-0.634455907
INWKKIASIGKEVLKAI,17,10.5124943,1.9113626,5.5,-0.740362689
IWNKIAKSIGKVLEKAL,17,28.670439,1.9113626,15,-1.176091259
KNWKKIASIGKEVLKAL,17,24.07971625,1.9263773,12.5,-1.096910013
KWKLFKKIPFLHLAKKF,17,13.57986375,2.1727782,6.25,-0.795880017
KWKLFKKIPKFLHLAKK,17,13.46109875,2.1537758,6.25,-0.795880017
LFGLIPSLIGGLVSAFK,17,100,1.7321401,57.73205066,-1.761416984
MNKVKEWIKYLKSLFSM,17,1.25,2.145662,0.582570787,0.234651297
NIWKKIASIAKEVLKAL,17,12.03368375,1.9253894,6.25,-0.795880017
RIKRFWPVVIRTVVAGY,17,3.516,2.0605201,1.706365301,-0.232072011
SNWKKIASIGKEVLKAL,17,47.1320325,1.8852813,25,-1.397940009
WKLFKKIPKFLHLAKKF,17,13.57986375,2.1727782,6.25,-0.795880017
AEFLREKLGDKCTDRHV,17,78.125,2.0172971,38.72756274,-1.588020166
AGLFKKLARAIAKGFKA,17,9.38,1.7902293,5.239552274,-0.719294178
AGLFKKLARAIKKGFKA,17,9.38,1.8473247,5.077613048,-0.705659601
AGLFKKLARAIKKGFKK,17,9.38,1.9044201,4.925383848,-0.692440082
KRRKFWKKVLKKAKKIA,17,9.38,2.1567831,4.349069686,-0.638396367
KRRKFWKKVLKKLKKIL,17,4.69,2.2409445,2.092867539,-0.320741742
KWCIRVCRNGVCYRRCR,17,1.086365,2.1716765,0.500242555,0.300819366
LGLFKKLLRLIKKGFKK,17,9.38,2.0306622,4.619182846,-0.664565154
LGLFKKLLRLIKKGFKL,17,9.38,2.0156475,4.653591464,-0.667788254
LGLFKKLLRLILKGFKL,17,9.38,2.0006328,4.688516553,-0.671035454
LGLFKLLLRLILKGFKL,17,200,1.9856181,100.7243034,-2.003134273
LGLFLLLLRLILKGFKL,17,200,1.9706034,101.4917563,-2.006430768
RGLFKKLARAIKKGFKK,17,9.38,1.9895289,4.714683964,-0.673452586
RGLFKKLARKIKKGFKK,17,9.38,2.0466243,4.583156762,-0.661164712
RGLFKKLLRKIKKGFKK,17,4.69,2.088705,2.245410434,-0.351295736
RGLFKKLLRLIKKGFKK,17,4.69,2.0736903,2.261668485,-0.354428946
RGLFKKLRRKIKKGFKK,17,18.75,2.1317331,8.795660207,-0.944268443
RVCFRVCRNGVCYRRCW,17,0.544175,2.176652,0.250005513,0.602050414
RVCIRVCRNGVCYRRCW,17,0.892783333,2.1426349,0.416675437,0.3802021
RVCIRVCYRGVCYRRCW,17,0.730583333,2.191707,0.333339873,0.477112734
TRRKFWKKVLNGALKIA,17,9.38,2.0295068,4.621812551,-0.664812328
FLFSLIPHAIGGLISAFK,18,289.702815,1.9313521,150,-2.176091259
FLFSLIPSAISGLISAFK,18,18.1,1.9113153,9.469918438,-0.976346239
FPFSLIPHAIGGLISAIK,18,225.755064,1.8812922,120,-2.079181246
GKLQAFLAKMKEIAAQTL,18,9.41472192,1.9614004,4.8,-0.681241237
GRFKRFRKKFKKLFKKLS,18,7.809843333,2.342953,3.333333333,-0.522878745
GRLQAFLAKMKEIAAQTL,18,9.380086067,1.9894138,4.715,-0.673481697
KWKLFKKIGIGAVLKVLT,18,1.02131335,2.0426267,0.5,0.301029996
KWKLFKKILKFLHLAKKF,18,28.96244,2.3169952,12.5,-1.096910013
KWKLFKKIPKFLHLAKKF,18,14.3809525,2.3009524,6.25,-0.795880017
KWKLFKKISKFLHLAKKF,18,57.2728475,2.2909139,25,-1.397940009
RIKRFWPVVIRTVVAGYN,18,3.516,2.174624,1.616831232,-0.20866469
RRWSFRVSYRGFSYRKSR,18,4,2.3947309,1.670333815,-0.222803273
IKRQYKRFFKLFKWFLKK,18,2.51121,2.5051406,1.002422778,-0.001050927
RRIRRPRLPRPRVPRPRI,18,30.52322,2.3478982,13.00023144,-1.113951084
WITLKRLGRCHPWGGHGH,18,64.00875,2.1114679,30.31481085,-1.481654863
MKTFLRLYRSLINKVLHV,18,4.000060402,2.2317811,1.792317536,-0.253414954
RIRFPWPWRWPWWPPFRG,18,15.1438818,2.5239803,6,-0.77815125
AKKVFKRLEKLFSKIFNFK,19,4.69,2.3719419,1.977282833,-0.296068796
AKKVFKRLEKLFSKIYNYK,19,3.13,2.4039407,1.30202879,-0.114620587
FFRLLFHGVHHGGGYLNAA,19,64,2.1134128,30.28277296,-1.481195641
FFRLLFHGVHHVGKIKPRA,19,32,2.2597354,14.16094999,-1.151092389
GFGKAFHSVSNFAKKHKTA,19,2.7,2.0623626,1.309178124,-0.11699874
GFGPAFHSVSNFAKKHKTA,19,2.7,2.0313051,1.329194713,-0.123588605
GIGGKPVQTAFVDNDGIYD,19,5,1.9661353,2.543059982,-0.405356604
GVIKSVLKGVAKTVALGML,19,23.55502125,1.8844017,12.5,-1.096910013
GWKKWLRKGAKHLGQAAIK,19,1.166666667,2.1766433,0.535993503,0.270840475
HVINLEESFQEPEYENHLA,19,1.37907066,2.2984511,0.6,0.22184875
PDPAKTAPKKGSKKAVTKA,19,0.711616301,1.9232873,0.37,0.431798276
MGRFKRFRKKFKKLFKKLS,19,66.99294,2.4741516,27.07713626,-1.43260273
SPRVCIRVCRNGVCYRRCW,19,1.551253333,2.3268298,0.666681049,0.17608189
FLSLIPKIATGIAALAKHL,19,15.8197208,1.9774651,8,-0.903089987
GLMSVLGHAVGNVLGGLFKS,20,50,1.9563407,25.55792046,-1.407525514
GRFRRLRKKTRKRLKKIGKV,20,30.3021936,2.5251828,12,-1.079181246
KFRTRRSKSSSNGGRKGSKG,20,69.806304,2.181447,32,-1.505149978
KWKLFKKIGIGAVLKVLTTG,20,0.88031352,2.2007838,0.4,0.397940009
KWKSFIKKLTKKFLHSAKKF,20,0.5,2.4941119,0.20047216,0.69794593
WLRRIGKGVKIIGGAALDHL,20,64,2.1736371,29.44373741,-1.468992936
KRVNWRKVGLGASYVMSWLG,20,9.23916,2.3077519,4.003532615,-0.602443371
KSWKKHVVSGFFLRLWVHKK,20,250,2.5110612,99.55950098,-1.998082711
RRIRRPRLPRPRVPRPRIPP,20,47.792984,2.5421316,18.80035794,-1.274166118
SWKSMAKKLKEYMEKLKQRA,20,128,2.4840293,51.52918285,-1.712053255
WKRFHPFRVVRKIFRRRIKR,20,8,2.7824362,2.875178234,-0.458664772
FFSMIPKIAGGIASLVKNLG,20,128.001954,2.0635361,62.03039237,-1.792604528
LAHQKPFIRKSYKCLHKRCR,20,5.0261648,2.5130824,2,-0.301029996
FLGSLIGAAIPAIKQLLGLKK,21,256.0533115,2.1517085,119,-2.075546961
GFWGKLFKLGLHGIGLLHLHL,21,8,2.3568897,3.394303942,-0.530750729
GIWDTLKNVGKAVLGKVLENV,21,27.0440556,2.2536713,12,-1.079181246
GMASKAGSVLGKLAKVAIGAL,21,48.55995,1.942398,25,-1.397940009
KLLKKAGKLLKKAGKLLKKAG,21,6.98416375,2.2349324,3.125,-0.494850022
KLLKKGGKLLKKGGKLLKKGG,21,27.41065,2.192852,12.5,-1.096910013
RSTEDIIKSISGGGFLNAMNA,21,64,2.1814554,29.33821154,-1.467433636
GFCGYACYYRNGVRICVRYCN,21,2.729056,2.4809051,1.100024342,-0.041402296
GLLGKILGAGKKVLCGVSGLC,21,15.91632,1.9865186,8.012167618,-0.903750026
GLLGKILGAGKKVLLGVSGLL,21,16.07648,2.006548,8.012008684,-0.903741411
GSKKPVPIIYTNRRTGKCQRM,21,623.86944,2.4339321,256.3216287,-2.408785254
GYCFTACALRNGVRICYRRCN,21,0.53374125,2.4398995,0.218755424,0.66004117
GYCFTACARRNGARICYRRCN,21,0.613735,2.4548738,0.250006742,0.602048279
GYCFTACARRNGVRICYRRCN,21,0.271887405,2.4829276,0.109502752,0.960574966
GYCFTACRLRNGVRICYRRCN,21,1.8938025,2.5250083,0.750018327,0.124928124
GYCFTACYARNGVRICYRRCN,21,0.27265281,2.489916,0.109502815,0.960574716
GYCFTACYLRNGARICYRRCN,21,0.704252813,2.5039429,0.281257537,0.550895831
GYCFTACYLRNGRRICYRRCN,21,0.56637,2.5890517,0.218755771,0.660040481
GYCFTACYLRNGVRACYRRCN,21,0.77811875,2.489916,0.312508032,0.505138816
GYCFTACYLRNGVRICYRRCN,21,1.139427,2.5319967,0.45001125,0.346776629
GYCFTACYLRNGVRRCYRRCN,21,1.770374375,2.5750248,0.687517408,0.162716301
GYCFTACYRRNGARICYRRCN,21,0.397975,2.546971,0.156254233,0.806168209
GYCFTACYRRNGVRICYRRCN,21,0.16223067,2.5750248,0.063001595,1.200648455
IKCKFCCGCCTPGVCGVCCRF,21,20.09637,2.2308653,9.008329638,-0.95464427
KRVNWAKVGRTALKLLPYIFG,21,2.43402,2.4309694,1.00125489,-0.00054465
RSPRVCIRVCRNGVCYRRCWG,21,0.63503,2.5400694,0.25000498,0.60205134
RWAVYAYVRVRGVLVRYRRAW,21,10.78496,2.6962063,4.000049996,-0.60206542
GIGKFLKKAKKFGKAFVKILKK,22,12,2.478197,4.842230057,-0.685045419
LRRLWLRANRLLRRLWLRANRL,22,11.662336,2.915584,4,-0.602059991
RGCYTRCWKVGRNGRVCMRVCT,22,0.06254928,2.6051624,0.024009743,1.619612489
RRIRPRPPRLPRPRPRPLPFPR,22,20.56224,2.784409,7.384777165,-0.868337395
RRIRRPRLPRPRVPRPRIPPRI,22,12.54374923,2.8114787,4.461619869,-0.649492566
TRRKWWKKVLNGAIKIAPYILD,22,10.69724,2.6702438,4.006091129,-0.602720824
VGALAGFLYWHFLRKGTKMVGK,22,32.031474,2.4800221,12.91580184,-1.111121373
FFRHIKSFWKGAKAIFRGARQG,22,36.89799007,2.6090819,14.14213562,-1.150514998
GLFLDTLKKFAKAGMEAVINPK,22,191.352368,2.3919046,80,-1.903089987
GIGSILGVIAKGLPTLISWIKNR,23,48.13884,2.406942,20,-1.301029996
AFKLLGRIIHHVGNFVYGFSHVF,23,208,2.6591357,78.22090463,-1.893322834
AHPKVKRKLKRMQRKKDGKQKRH,23,12.5,2.88253,4.336468311,-0.637136177
FWGAAAKMLGKALPGLISMFQKN,23,128.127444,2.4800403,51.6634524,-1.713183424
KGIVAERILKPCVRRKVNGKFRS,23,31.91172,2.6552572,12.01831597,-1.079843618
KGIVAERILKPSVRRKVNGKFRS,23,128.19714,2.6391906,48.5744152,-1.686407581
LFKLLGKIIHHVGNFVHGFSHVF,23,256,2.6471682,96.70711517,-1.985458428
RAVIYKIPYNAIASRWIIAPKKC,23,64.012565,2.6752839,23.92739141,-1.378895354
RRIRIRPPRLPRPRPRPYFMPRP,23,16.92131775,2.9816669,5.675120098,-0.753975057
VFHLLGKIIHHVGNFVYGFSHVF,23,90.66666667,2.6681431,33.98118589,-1.531238531
WGKNLQMKSLYNNLTIGHYKRRF,23,287.143,2.8683625,100.1069425,-2.000464197
IFGLLLHGAIHVGKLIHGLVRRH,23,36.16333583,2.557134,14.14213562,-1.150514998
FLGALIKGAIHGGRFIHGMIQNHH,24,64,2.6251029,24.37999669,-1.387033642
FLGLLFHGVHHVGKWIHGLIHGHH,24,26.66666667,2.7492265,9.699697959,-0.986758211
FLPAIVGAAGKFLPKIFCAISKKC,24,42.8942691,2.5231923,17,-1.230448921
GIKDWIKGAAKKLIKTVASNIANQ,24,15.4083558,2.5680593,6,-0.77815125
GKGRWLERIGKAGGIIIGGALDHL,24,32,2.4879355,12.86206978,-1.109310861
IIGLVSKGTCVLVKTVCKKVLKQG,24,62.8802875,2.5152115,25,-1.397940009
KKLAKALKLLALLWLKLAKALKKA,24,34.90262172,2.6745304,13.05,-1.115610512
KKLAKALKLLAPLWLKLAKALKKA,24,3.45603388,2.6584876,1.3,-0.113943352
KKLAKALKLPALLWLKLAKALKKA,24,3.243354872,2.6584876,1.22,-0.086359831
KKLAKAPKLLALLWLKLAKALKKA,24,5.622701274,2.6584876,2.115,-0.325310372
KKLALALKKLALLWKKLALALKKA,24,5.910712184,2.6745304,2.21,-0.344392274
KKLALALKKLAPLWKKLALALKKA,24,2.19325227,2.6584876,0.825,0.083546051
KKLALALKKPALLWKKLALALKKA,24,1.66155475,2.6584876,0.625,0.204119983
KKLALAPKKLALLWKKLALALKKA,24,1.66155475,2.6584876,0.625,0.204119983
KKLKLALAKLALLWKALALKLKKA,24,2.460567968,2.6745304,0.92,0.036212173
KKLKLALAKLAPLWKALALKLKKA,24,1.143149668,2.6584876,0.43,0.366531544
KKLKLALAKPALLWKALALKLKKA,24,3.549080946,2.6584876,1.335,-0.125481266
KKLKLAPAKLALLWKALALKLKKA,24,1.66155475,2.6584876,0.625,0.204119983
ATPKMEQFLQKLMKRMARLKASAV,24,25,2.777463,9.001019996,-0.954291726
IGRARAITHTWGIWSRWGKVWRRS,24,64.058646,2.9374131,21.80784378,-1.338612727
KRVNWRKVGRNTALGASYVLSFLG,24,5.3904,2.6931515,2.001521266,-0.301360209
RLKRFKRVALRREKTARNFRSIVS,24,299.165,2.9885864,100.10251,-2.000444967
GWASKIGQTLGKIAKVGLKELIQPK,25,23.5,2.6642318,8.820553827,-0.945495855
GWGSIFKHGRHAAKHIGHAAVNHYL,25,3.333333333,2.7651395,1.20548469,-0.081161699
KKLAKLALLKWLLALKKLALLALKK,25,4.443815155,2.8297706,1.57038,-0.196004756
KKLAKLALLKWLLALKLLALKALKK,25,7.555487502,2.8297706,2.67,-0.426511261
KKLALKALKLWLLALKKLALLALKK,25,5.859761617,2.8297706,2.070754999,-0.316128718
KKLALKALKLWLLALLKLAKLALKK,25,39.64508611,2.8297706,14.01,-1.146438135
KKLALKALLLWLKALLKLAKLALKK,25,32.01470872,2.8297706,11.313535,-1.053598325
KWKSFIKKLPSAAKKVTTAAKPLTK,25,2,2.7714301,0.721649087,0.141673933
RWGKWFKKATHVGKHVGKAALTAYL,25,4,2.854401,1.401344801,-0.146545007
SKCYQWQRRMRKLGAPSITCIRRTS,25,6.8,3.0266115,2.246736986,-0.351552235
AHPKWMEVVRSRQRKKKHNKRRATY,25,6.25,3.1917675,1.958162679,-0.291848769
APLKMKAILEIVHRRMKQNKMKAAF,25,50,2.9537277,16.92776216,-1.228599548
FLGALLKIGAKLLPSVVGLFKKKQQ,25,31.888674,2.6973912,11.82204272,-1.072692524
FVKELWDKVKKMGSAAWSAAKGAFA,25,128.144401,2.7272266,46.98707507,-1.671978411
GLKITHTITVKGILGFLWVKIVAQK,25,276.848,2.7644383,100.1462033,-2.000634489
GVFKDALKQFGAALLDKAANALKPK,25,128.2573215,2.6151154,49.04461252,-1.690591308
GVFKDALKQFGAALLDQAANALKPK,25,128.2844976,2.615072,49.05581858,-1.690690527
GVFKDALKQLGAALLDKAANALKPK,25,64.13652,2.5810983,24.84853831,-1.395300847
GIGSAILSAGKSIIKGLAKGLAEHF,25,63.4113324,2.4388974,26,-1.414973348
AGWGSIFKHIFKAGKFIHGAIQAHND,26,16,2.8512672,5.61154002,-0.749082065
ATYRTGRATRESLSGVEISGRLYRLR,26,148.467895,2.9693579,50,-1.698970004
GRRKRKWLRRIGKGVKIIGGAALDHL,26,4,2.9556003,1.35336297,-0.131414289
GWKKWFNRAKKVGKTVGGLAVDHYLG,26,4,2.9164262,1.371541649,-0.137209
GWKSVFRKAKKVGKTVGGLALDHYLG,26,8,2.8163467,2.840559367,-0.45340387
KLFKKIGIGAVLKVLTTGLPALKLTK,26,5,2.7515238,1.817174905,-0.259396731
KWKLFKKIEKVGQGIGAVLKVLTTGL,26,1.4277742,2.8555484,0.5,0.301029996
KWKLFKKIGIGAVLKVLTTGLIALIS,26,2,2.8115788,0.711344103,0.147920264
KWKSFIKKLPKAAKKVVTTAKKPLIV,26,2,2.9517669,0.677560278,0.169052062
AHPRIKKHLDLLMKKERHLAMKIAAP,26,25,3.0467919,8.205351997,-0.914097216
KKFKETADKLIESAKQQLESLAKEMK,26,1200,3.0225579,397.0147272,-2.598806617
KKFKKTAKWLIKSAWLLLKSLALKMK,26,16,3.1029992,5.156301684,-0.712338319
GGLRSLGRKILRAWKKYGPQATPATRQ,27,2.257907475,3.0105433,0.75,0.124938737
KFRSNGRHGSGSRLGGGSLIGRPGGGS,27,41.7898832,2.6118677,16,-1.204119983
KWKSFIKKLPSAAKKVVTTAKPLALIS,27,2,2.9546806,0.676892115,0.169480545
FWGAVWKILSKVLPHIPGTVKWLQEKV,27,11.49135335,3.1608434,3.635533906,-0.560568199
KWKLFKKIGIGAVLKVLTPGLPALKLTK,28,2,3.0619229,0.653184311,0.184964255
KSGGGGWGSGGGGGGGGGWWWSGWGVDR,28,64.00091299,2.6217313,24.4116981,-1.38759799
ALWKNMLKGIGKLAGQAALGAVKTLVGAE,29,7.12835879,2.9095342,2.45,-0.389166084
KLWKLFKKIGIGAVLKVLTTGLPALKLTK,29,2,3.1790708,0.629114646,0.201270204
VDQTVFKDIWWRMKQWKQRVKKRAAKYNV,29,12.5,3.7374404,3.344534939,-0.524335737
SGTSEKERESGRLLGVVKRLIVCFRSPFP,29,160.7418259,3.2488016,49.47726751,-1.694405707
AEVAPAPAAAAPAKAPKKKAAAKPKKAGPS,30,5.588675,2.7943375,2,-0.301029996
IRNSLTCRFNFGICLPKRCPGRMRQIGTCF,30,0.3,3.4892489,0.085978389,1.065610697
TDHQMAQSACIGVSQDNAYASAIPRDCHGG,30,29.8019472,3.1043695,9.6,-0.982271233
GVITDALKGAAKTVAAELLKKAHCKLTNSC,30,118.450251,3.055658,38.76423703,-1.58843124
GWKDWLNKAKDFIKEKGPEILRAAANAAIN,30,15.857706,3.3688879,4.707104086,-0.672753802
RPFTRAQWFAIQHISPRTIAMRAINNYRWR,30,14.6767863,3.7583808,3.90508229,-0.59163019
WVILSKKIKRKKKENSDHQTKFSKKVKTKR,30,256,3.698465,69.21790527,-1.840218452
IKFEPPLPPKKAHKKFWEDDGIYYPPNHNFP,31,15.0052236,3.7513059,4,-0.602059991
ADPRVKKVLGVAMQIRKAQLMREKLNSIMRR,31,12.5,3.637494,3.436431785,-0.536107727
AGTKEWLNKAKDFIKEKGLGMLSAAANAALN,31,130.6752,3.2617944,40.06236567,-1.602736591
SLWENFKNAGKKFILNILDKIRCRVAGGCRT,31,66.38464,3.5522332,18.68814243,-1.271566135
SLWETIKNAGKGFILMILDKIRCKVAGGCKT,31,254.637225,3.395163,75,-1.875061263
GLLRKGGEKIGEKLKKIGQKIKNFFQKLVPQPE,33,13.7519613,3.7505349,3.666666667,-0.56427143
GLLSAVKGVLKGAGKNVAGSLMDKLKCKLFGGC,33,48.9604395,3.2640293,15,-1.176091259
GLWSKIKAAGKEAAKAAAKAAGKAALNAVSEAV,33,1.89161346,3.1526891,0.6,0.22184875
GLWSKIKEVGKEAAKAAAKAAGKAALGAVSEAV,33,15,3.1817277,4.714419779,-0.67342825
GLFRRLRDSIRRGQQKILEKARRIGERIKDIFRG,34,6.2083353,4.1388902,1.5,-0.176091259
GRFRRLRKKTRKRLKKIGKVLKWIPPIVGSIPLG,34,3.497403613,3.9970327,0.875,0.057991947
ESIECRTVADCPKLISSKFVIKCIKKRCVAQFFK,34,6.28144,3.9198043,1.602488165,-0.204794831
GLVRKGGEKFGEKLRKIGQKIKEFFQKLALEIEQ,34,0.98667435,3.9466974,0.25,0.602059991
KRFKKFFKKLKNSVKKRVKKFFRKPRVIGVTFPF,34,1.064835,4.25934,0.25,0.602059991
KRFKKFFKKVKKSVKKRLKKIFKKPMVIGVTIPF,34,1.038093425,4.1523737,0.25,0.602059991
GRFRRLRKKTRKRLKKIGKVLKWIPPIVGSIPLGC,35,2.562610938,4.1001775,0.625,0.204119983
KFRTRRSKSSSNGGRKGSKGGSKGRPGSGSSIAGA,35,13.8072616,3.4518154,4,-0.602059991
KWKIFKKIEKVGRNIRNGIIKAGPAVAVLGEAKAL,35,1.259831595,3.8176715,0.33,0.48148606
PPTQNPSMAPPTQNPYGQPMTPPTQNPYGQPMAPP,35,31.3421304,3.731206,8.4,-0.924279286
RRGKDSGGPKMGRKNSKGGWRGRPGSGRPGFGSGI,35,57.58504,3.599065,16,-1.204119983
LNPLIKAGIFILKHRRPIGRGIEITGRGIKKFFSK,35,1.990475,3.9758775,0.500637909,0.300476268
SGRGKTGGKARAKAKTRSSRAGLQFPVGRVHRLLR,35,1.12842186,3.7614062,0.3,0.522878745
WNPFKELERAGQRVRDAIISAGPAVATVAQATALAK,36,1.104137938,3.8073722,0.29,0.537602002
AALRGALRAVARVGKAILPHVAIANPYVRTPYVHNNP,37,3.15812216,3.9476527,0.8,0.096910013
ILGPALRIGGRIAGRIAGKLIGDAINRHRERNRQRRG,37,6.952728,4.0887931,1.70043527,-0.230560104
GLRKRLRKFRNKIKEKLKKIGQKIQGFVPKLAPRTDY,37,65.91094456,4.4534422,14.8,-1.170261715
GYFPGRPPFPRPFPRPPSRPFPRPPFPGPFPRPYPWR,37,55.2021425,4.4161714,12.5,-1.096910013
DFASCHTNGGICLPNRCPGHMIQIGICFRPRVKCCRSW,38,155,4.2781118,36.23093721,-1.559079568
GPLSCGRNGGVCIPIRCPVPMRQIGTCFGRPVKCCRSW,38,155,4.1060122,37.74952252,-1.576911463
GPLSCRRNGGVCIPIRCPGPMRQIGTCFGRPVKCCRSW,38,155,4.1630672,37.23216382,-1.570918277
GWFKKAWRKVKHAGRRVLDTAKGVGRHYLNNWLNRYRG,38,8,4.5963408,1.740514977,-0.240677765
VRNFVTCRINRGFCVPIRCPGHRRQIGTCLGPQIKCCR,38,155,4.3592988,35.55617706,-1.55091506
GWLKKIGKKIERVGQHTRDATIQGLGIAQQAANVAATAR,39,1.24704288,4.1568096,0.3,0.522878745
GWLRKLGKKIERIGQHTRDASIQVLGIAQQAANVAATAR,39,7.60842648,4.2269036,1.8,-0.255272505
KPFKKLEKVGRNIRDGIIKAGPAVAVIGQATSIARPTGK,39,0.40868859,4.0868859,0.1,1
KIKWGKIFKKGGKLIGKTALEAAANAAASEAISAMASQNE,40,12.72178279,4.1038009,3.1,-0.491361694
KIRTRRGKDSGGPKMGRKNSKGGWRGRPGSGSRPGFGSGI,40,16.7390784,4.1847696,4,-0.602059991
QGVRNFVTCRINRGFCVPIRCPGHRRQIGTCLAPQIKCCR,40,155.5,4.5585084,34.11203542,-1.532907634
QGVRSYLSCWGNRGICLLNRCPGRMRQIGTCLAPRVKCCR,40,155,4.5264846,34.24290895,-1.534570651
ILGRLRDLLRRGGRKIGQGLERIGQRIQGFFSNREPMEES,40,18.101538,4.6403615,3.900889618,-0.591163661
MTPFWRGLSLRPIGASCRDASECLTQLCKKNRCCLQTFAD,40,12.5,4.521342,2.764665889,-0.441642654
APRKNVRWCAISLPEWSKCYQWQRRMRKLGAPSITCIRRTS,41,4.07,4.9348725,0.824742686,0.083681527
QRVRNPQSCRWNMGVCIPFLCRVGMRQIGTCFGPRVPCCRR,41,155,4.7828157,32.40768822,-1.510648052
AKIPIKAIKTVGKAVGKGLRAINIASTANDVFNFLKPKKRKH,42,1.408490518,4.5435178,0.31,0.508638306
EGVRNHVTCRINRGFCVPIRCPGRTRQIGTCFGPRIKCCRSW,42,155,4.8347602,32.05950111,-1.50595676
KCWNLRGSCREKCIKNEKLYIFCTSGKLCCLKPKFQPNMLQR,42,22.5,5.010127,4.490904123,-0.652333783
QGVRNHVTCRIYGGFCVPIRCPGRTRQIGTCFGRPVKCCRRW,42,155,4.8387945,32.0327718,-1.50559452
QVVRNPQSCRWNMGVCIPISCPGNMRQIGTCFGPRVPCCRRW,42,155,4.807776,32.23943878,-1.508387473
SGISGPLSCGRNGGVCIPIRCPVPMRQIGTCFGRPVKCCRSW,42,155,4.4503801,34.82848577,-1.541934593
QSEAGWLKKIGKKIERVGQHTRDATIQGLGVAQQAPNVAATAR,43,1.031450378,4.5842239,0.225,0.647817482
RFRPPIRRPPIRPPFNPPFRPPVRPPFRPPFRPPFRPPIGPFP,43,1,5.1622284,0.193714792,0.712837215
RFRPPIRRPPIRPPFYPPFRPPIRPPIFPPIRPPFRPPLGPFP,43,12.00018344,5.1482822,2.33091019,-0.36752554
AATKPKKAGAEAAPKKPAKKQTKKKPAKKAGGKKKPKRAGAKKAKK,46,0.95277608,4.7638804,0.2,0.698970004
DFGCARGMIFVCMRRCARMYPGSTGYCQGFRCMCDTMIPIRRPPFIMG,48,28.1,5.5047506,5.104681763,-0.707968672
QRGGFTGPIPRPPPHGRPPLGPICNACYRLSFSDVRICCNFLGKCCHLVK,50,219.222136,5.4805534,40,-1.602059991
SGRGKTGGKARAKAKTRSSRAGLQFPVGRVHRLLRKGNYAQRVGAGAPVY,50,3.7058903,5.294129,0.7,0.15490196
SGRGKTGGKARAKAKTRSSRAGLQFPVGRVHRLLRKGNYAHRVGAGAPVYL,51,13.54074725,5.4162989,2.5,-0.397940009
APIIRRIPYYPEVESDLRIVDCKRSEGFCQEYCNYLETQVGYCSKKKDACCLH,53,75,6.2352035,12.0284767,-1.080210631
KQATVGDINTERPGILDLKGKAKWDAWNGLKGTSKEDAMKAYINKVEELKKKYGI,55,184.503375,6.1501125,30,-1.477121255
